Workbook

Sheet Инструкция
A1: Выгрузка квартирографии — как получить отчёт
A3: Один раз: в Проигрывателе Dynamo выберите папку \\server\share\BIM\Dynamo\Выгрузка квартирографии.
A5: Каждый раз:
A6: 1. Закройте файлы Квартирография_*.xlsx.
A7: 2. Откройте модель ОВ нужного корпуса (связь АР загружена, модель сохранена).
A8: 3. Управление → Проигрыватель Dynamo → «Выгрузка_квартирографии» → Запуск. «Связь АР» оставьте пустым.
A9: 4. Откройте папку «Квартирография» рядом с моделью ОВ (для совместной работы — рядом с файлом-хранилищем) и файл Квартирография_K__.xlsx. Результат: листы «Типовые этажи» и «Таблица 1» (F9 при необходимости).
A11: Если ошибка:
A12: • Появился файл Квартирография_ОШИБКА.xlsx — в нём на листе «Выгрузка» причина и список связей. Загрузите связь АР или впишите часть её имени в поле «Связь АР» (если связей АР несколько).
A13: • Узел жёлтый с текстом «Закройте файл…» — закройте Excel и запустите снова. «Нет шаблона…» — верните Квартирография_ШАБЛОН.xlsx в папку скрипта. «Модель ОВ не сохранена / в облаке» — сохраните модель на сервере.
A14: • «ВНИМАНИЕ: нет параметров…» — поправьте имена параметров в блоке НАСТРОЙКИ узла «Выгрузка АР». Имена помещений — на листе «Настройки».

Sheet Типовые этажи
A1: =Настройки!B3 | C1: =IF(LEFT(INDIRECT("'Выгрузка'!A1")&"",6)="ОШИБКА","Ошибка выгрузки — см. лист Выгрузка","Квартир: "&COUNT(Квартиры!$K$2:$K$1501)&" Этажей: "&COUNT(A3:A82)&" Групп: "&MAX(B3:B82)&IF(Настройки!B4="да"," (с учётом типа)","")) | N1: =IF(Настройки!E5="","","Выгружено: "&Настройки!E5)
A2: Этаж | B2: Группа | C2: Кв. 1 | D2: Кв. 2 | E2: Кв. 3 | F2: Кв. 4 | G2: Кв. 5 | H2: Кв. 6 | I2: Кв. 7 | J2: Кв. 8 | K2: Кв. 9 | L2: Кв. 10 | M2: Кв. 11 | N2: Кв. 12 | O2: Кв. 13 | P2: Кв. 14 | Q2: Кв. 15 | R2: Ключ | S2: Этажи группы | U2: Группа | V2: Этажи | W2: Кол-во
A3: =IFERROR(MIN(Квартиры!$B$2:$B$1501)/(COUNT(Квартиры!$B$2:$B$1501)>0),"") | B3: =IF(A3="","",IF(COUNTIF(R$2:R2,R3)=0,MAX(B$2:B2)+1,INDEX(B$2:B2,MATCH(R3,R$2:R2,0)))) | C3: =IF($A3="","",IFERROR(IF(Настройки!$B$4="да",INDEX(Квартиры!$D$2:$D$1501,MATCH($A3*1000+1,Квартиры!$K$2:$K$1501,0))&" / ","")&INDEX(Квартиры!$H$2:$H$1501,MATCH($A3*1000+1,Квартиры!$K$2:$K$1501,0))&" СУ"&IF(INDEX(Квартиры!$I$2:$I$1501,MATCH($A3*1000+1,Квартиры!$K$2:$K$1501,0))>0," +У","")&IF(INDEX(Квартиры!$J$2:$J$1501,MATCH($A3*1000+1,Квартиры!$K$2:$K$1501,0))>0," +Г",""),"-")) | D3: =IF($A3="","",IFERROR(IF(Настройки!$B$4="да",INDEX(Квартиры!$D$2:$D$1501,MATCH($A3*1000+2,Квартиры!$K$2:$K$1501,0))&" / ","")&INDEX(Квартиры!$H$2:$H$1501,MATCH($A3*1000+2,Квартиры!$K$2:$K$1501,0))&" СУ"&IF(INDEX(Квартиры!$I$2:$I$1501,MATCH($A3*1000+2,Квартиры!$K$2:$K$1501,0))>0," +У","")&IF(INDEX(Квартиры!$J$2:$J$1501,MATCH($A3*1000+2,Квартиры!$K$2:$K$1501,0))>0," +Г",""),"-")) | E3: =IF($A3="","",IFERROR(IF(Настройки!$B$4="да",INDEX(Квартиры!$D$2:$D$1501,MATCH($A3*1000+3,Квартиры!$K$2:$K$1501,0))&" / ","")&INDEX(Квартиры!$H$2:$H$1501,MATCH($A3*1000+3,Квартиры!$K$2:$K$1501,0))&" СУ"&IF(INDEX(Квартиры!$I$2:$I$1501,MATCH($A3*1000+3,Квартиры!$K$2:$K$1501,0))>0," +У","")&IF(INDEX(Квартиры!$J$2:$J$1501,MATCH($A3*1000+3,Квартиры!$K$2:$K$1501,0))>0," +Г",""),"-")) | F3: =IF($A3="","",IFERROR(IF(Настройки!$B$4="да",INDEX(Квартиры!$D$2:$D$1501,MATCH($A3*1000+4,Квартиры!$K$2:$K$1501,0))&" / ","")&INDEX(Квартиры!$H$2:$H$1501,MATCH($A3*1000+4,Квартиры!$K$2:$K$1501,0))&" СУ"&IF(INDEX(Квартиры!$I$2:$I$1501,MATCH($A3*1000+4,Квартиры!$K$2:$K$1501,0))>0," +У","")&IF(INDEX(Квартиры!$J$2:$J$1501,MATCH($A3*1000+4,Квартиры!$K$2:$K$1501,0))>0," +Г",""),"-")) | G3: =IF($A3="","",IFERROR(IF(Настройки!$B$4="да",INDEX(Квартиры!$D$2:$D$1501,MATCH($A3*1000+5,Квартиры!$K$2:$K$1501,0))&" / ","")&INDEX(Квартиры!$H$2:$H$1501,MATCH($A3*1000+5,Квартиры!$K$2:$K$1501,0))&" СУ"&IF(INDEX(Квартиры!$I$2:$I$1501,MATCH($A3*1000+5,Квартиры!$K$2:$K$1501,0))>0," +У","")&IF(INDEX(Квартиры!$J$2:$J$1501,MATCH($A3*1000+5,Квартиры!$K$2:$K$1501,0))>0," +Г",""),"-")) | H3: =IF($A3="","",IFERROR(IF(Настройки!$B$4="да",INDEX(Квартиры!$D$2:$D$1501,MATCH($A3*1000+6,Квартиры!$K$2:$K$1501,0))&" / ","")&INDEX(Квартиры!$H$2:$H$1501,MATCH($A3*1000+6,Квартиры!$K$2:$K$1501,0))&" СУ"&IF(INDEX(Квартиры!$I$2:$I$1501,MATCH($A3*1000+6,Квартиры!$K$2:$K$1501,0))>0," +У","")&IF(INDEX(Квартиры!$J$2:$J$1501,MATCH($A3*1000+6,Квартиры!$K$2:$K$1501,0))>0," +Г",""),"-")) | I3: =IF($A3="","",IFERROR(IF(Настройки!$B$4="да",INDEX(Квартиры!$D$2:$D$1501,MATCH($A3*1000+7,Квартиры!$K$2:$K$1501,0))&" / ","")&INDEX(Квартиры!$H$2:$H$1501,MATCH($A3*1000+7,Квартиры!$K$2:$K$1501,0))&" СУ"&IF(INDEX(Квартиры!$I$2:$I$1501,MATCH($A3*1000+7,Квартиры!$K$2:$K$1501,0))>0," +У","")&IF(INDEX(Квартиры!$J$2:$J$1501,MATCH($A3*1000+7,Квартиры!$K$2:$K$1501,0))>0," +Г",""),"-")) | J3: =IF($A3="","",IFERROR(IF(Настройки!$B$4="да",INDEX(Квартиры!$D$2:$D$1501,MATCH($A3*1000+8,Квартиры!$K$2:$K$1501,0))&" / ","")&INDEX(Квартиры!$H$2:$H$1501,MATCH($A3*1000+8,Квартиры!$K$2:$K$1501,0))&" СУ"&IF(INDEX(Квартиры!$I$2:$I$1501,MATCH($A3*1000+8,Квартиры!$K$2:$K$1501,0))>0," +У","")&IF(INDEX(Квартиры!$J$2:$J$1501,MATCH($A3*1000+8,Квартиры!$K$2:$K$1501,0))>0," +Г",""),"-")) | K3: =IF($A3="","",IFERROR(IF(Настройки!$B$4="да",INDEX(Квартиры!$D$2:$D$1501,MATCH($A3*1000+9,Квартиры!$K$2:$K$1501,0))&" / ","")&INDEX(Квартиры!$H$2:$H$1501,MATCH($A3*1000+9,Квартиры!$K$2:$K$1501,0))&" СУ"&IF(INDEX(Квартиры!$I$2:$I$1501,MATCH($A3*1000+9,Квартиры!$K$2:$K$1501,0))>0," +У","")&IF(INDEX(Квартиры!$J$2:$J$1501,MATCH($A3*1000+9,Квартиры!$K$2:$K$1501,0))>0," +Г",""),"-")) | L3: =IF($A3="","",IFERROR(IF(Настройки!$B$4="да",INDEX(Квартиры!$D$2:$D$1501,MATCH($A3*1000+10,Квартиры!$K$2:$K$1501,0))&" / ","")&INDEX(Квартиры!$H$2:$H$1501,MATCH($A3*1000+10,Квартиры!$K$2:$K$1501,0))&" СУ"&IF(INDEX(Квартиры!$I$2:$I$1501,MATCH($A3*1000+10,Квартиры!$K$2:$K$1501,0))>0," +У","")&IF(INDEX(Квартиры!$J$2:$J$1501,MATCH($A3*1000+10,Квартиры!$K$2:$K$1501,0))>0," +Г",""),"-")) | M3: =IF($A3="","",IFERROR(IF(Настройки!$B$4="да",INDEX(Квартиры!$D$2:$D$1501,MATCH($A3*1000+11,Квартиры!$K$2:$K$1501,0))&" / ","")&INDEX(Квартиры!$H$2:$H$1501,MATCH($A3*1000+11,Квартиры!$K$2:$K$1501,0))&" СУ"&IF(INDEX(Квартиры!$I$2:$I$1501,MATCH($A3*1000+11,Квартиры!$K$2:$K$1501,0))>0," +У","")&IF(INDEX(Квартиры!$J$2:$J$1501,MATCH($A3*1000+11,Квартиры!$K$2:$K$1501,0))>0," +Г",""),"-")) | N3: =IF($A3="","",IFERROR(IF(Настройки!$B$4="да",INDEX(Квартиры!$D$2:$D$1501,MATCH($A3*1000+12,Квартиры!$K$2:$K$1501,0))&" / ","")&INDEX(Квартиры!$H$2:$H$1501,MATCH($A3*1000+12,Квартиры!$K$2:$K$1501,0))&" СУ"&IF(INDEX(Квартиры!$I$2:$I$1501,MATCH($A3*1000+12,Квартиры!$K$2:$K$1501,0))>0," +У","")&IF(INDEX(Квартиры!$J$2:$J$1501,MATCH($A3*1000+12,Квартиры!$K$2:$K$1501,0))>0," +Г",""),"-")) | O3: =IF($A3="","",IFERROR(IF(Настройки!$B$4="да",INDEX(Квартиры!$D$2:$D$1501,MATCH($A3*1000+13,Квартиры!$K$2:$K$1501,0))&" / ","")&INDEX(Квартиры!$H$2:$H$1501,MATCH($A3*1000+13,Квартиры!$K$2:$K$1501,0))&" СУ"&IF(INDEX(Квартиры!$I$2:$I$1501,MATCH($A3*1000+13,Квартиры!$K$2:$K$1501,0))>0," +У","")&IF(INDEX(Квартиры!$J$2:$J$1501,MATCH($A3*1000+13,Квартиры!$K$2:$K$1501,0))>0," +Г",""),"-")) | P3: =IF($A3="","",IFERROR(IF(Настройки!$B$4="да",INDEX(Квартиры!$D$2:$D$1501,MATCH($A3*1000+14,Квартиры!$K$2:$K$1501,0))&" / ","")&INDEX(Квартиры!$H$2:$H$1501,MATCH($A3*1000+14,Квартиры!$K$2:$K$1501,0))&" СУ"&IF(INDEX(Квартиры!$I$2:$I$1501,MATCH($A3*1000+14,Квартиры!$K$2:$K$1501,0))>0," +У","")&IF(INDEX(Квартиры!$J$2:$J$1501,MATCH($A3*1000+14,Квартиры!$K$2:$K$1501,0))>0," +Г",""),"-")) | Q3: =IF($A3="","",IFERROR(IF(Настройки!$B$4="да",INDEX(Квартиры!$D$2:$D$1501,MATCH($A3*1000+15,Квартиры!$K$2:$K$1501,0))&" / ","")&INDEX(Квартиры!$H$2:$H$1501,MATCH($A3*1000+15,Квартиры!$K$2:$K$1501,0))&" СУ"&IF(INDEX(Квартиры!$I$2:$I$1501,MATCH($A3*1000+15,Квартиры!$K$2:$K$1501,0))>0," +У","")&IF(INDEX(Квартиры!$J$2:$J$1501,MATCH($A3*1000+15,Квартиры!$K$2:$K$1501,0))>0," +Г",""),"-")) | R3: =IF(A3="","",C3&"|"&D3&"|"&E3&"|"&F3&"|"&G3&"|"&H3&"|"&I3&"|"&J3&"|"&K3&"|"&L3&"|"&M3&"|"&N3&"|"&O3&"|"&P3&"|"&Q3) | S3: =IF(A3="","",IFERROR(LOOKUP(2,1/(B$2:B2=B3),S$2:S2)&", ","")&A3) | U3: =IF(1>MAX(B$3:B$82),"",1) | V3: =IF(U3="","",LOOKUP(2,1/(B$3:B$82=U3),S$3:S$82)) | W3: =IF(U3="","",COUNTIF(B$3:B$82,U3))
A4: =IFERROR(IF(A3="","",SMALL(Квартиры!$B$2:$B$1501,COUNTIF(Квартиры!$B$2:$B$1501,"<="&A3)+1)),"") | B4: =IF(A4="","",IF(COUNTIF(R$2:R3,R4)=0,MAX(B$2:B3)+1,INDEX(B$2:B3,MATCH(R4,R$2:R3,0)))) | C4: =IF($A4="","",IFERROR(IF(Настройки!$B$4="да",INDEX(Квартиры!$D$2:$D$1501,MATCH($A4*1000+1,Квартиры!$K$2:$K$1501,0))&" / ","")&INDEX(Квартиры!$H$2:$H$1501,MATCH($A4*1000+1,Квартиры!$K$2:$K$1501,0))&" СУ"&IF(INDEX(Квартиры!$I$2:$I$1501,MATCH($A4*1000+1,Квартиры!$K$2:$K$1501,0))>0," +У","")&IF(INDEX(Квартиры!$J$2:$J$1501,MATCH($A4*1000+1,Квартиры!$K$2:$K$1501,0))>0," +Г",""),"-")) | D4: =IF($A4="","",IFERROR(IF(Настройки!$B$4="да",INDEX(Квартиры!$D$2:$D$1501,MATCH($A4*1000+2,Квартиры!$K$2:$K$1501,0))&" / ","")&INDEX(Квартиры!$H$2:$H$1501,MATCH($A4*1000+2,Квартиры!$K$2:$K$1501,0))&" СУ"&IF(INDEX(Квартиры!$I$2:$I$1501,MATCH($A4*1000+2,Квартиры!$K$2:$K$1501,0))>0," +У","")&IF(INDEX(Квартиры!$J$2:$J$1501,MATCH($A4*1000+2,Квартиры!$K$2:$K$1501,0))>0," +Г",""),"-")) | E4: =IF($A4="","",IFERROR(IF(Настройки!$B$4="да",INDEX(Квартиры!$D$2:$D$1501,MATCH($A4*1000+3,Квартиры!$K$2:$K$1501,0))&" / ","")&INDEX(Квартиры!$H$2:$H$1501,MATCH($A4*1000+3,Квартиры!$K$2:$K$1501,0))&" СУ"&IF(INDEX(Квартиры!$I$2:$I$1501,MATCH($A4*1000+3,Квартиры!$K$2:$K$1501,0))>0," +У","")&IF(INDEX(Квартиры!$J$2:$J$1501,MATCH($A4*1000+3,Квартиры!$K$2:$K$1501,0))>0," +Г",""),"-")) | F4: =IF($A4="","",IFERROR(IF(Настройки!$B$4="да",INDEX(Квартиры!$D$2:$D$1501,MATCH($A4*1000+4,Квартиры!$K$2:$K$1501,0))&" / ","")&INDEX(Квартиры!$H$2:$H$1501,MATCH($A4*1000+4,Квартиры!$K$2:$K$1501,0))&" СУ"&IF(INDEX(Квартиры!$I$2:$I$1501,MATCH($A4*1000+4,Квартиры!$K$2:$K$1501,0))>0," +У","")&IF(INDEX(Квартиры!$J$2:$J$1501,MATCH($A4*1000+4,Квартиры!$K$2:$K$1501,0))>0," +Г",""),"-")) | G4: =IF($A4="","",IFERROR(IF(Настройки!$B$4="да",INDEX(Квартиры!$D$2:$D$1501,MATCH($A4*1000+5,Квартиры!$K$2:$K$1501,0))&" / ","")&INDEX(Квартиры!$H$2:$H$1501,MATCH($A4*1000+5,Квартиры!$K$2:$K$1501,0))&" СУ"&IF(INDEX(Квартиры!$I$2:$I$1501,MATCH($A4*1000+5,Квартиры!$K$2:$K$1501,0))>0," +У","")&IF(INDEX(Квартиры!$J$2:$J$1501,MATCH($A4*1000+5,Квартиры!$K$2:$K$1501,0))>0," +Г",""),"-")) | H4: =IF($A4="","",IFERROR(IF(Настройки!$B$4="да",INDEX(Квартиры!$D$2:$D$1501,MATCH($A4*1000+6,Квартиры!$K$2:$K$1501,0))&" / ","")&INDEX(Квартиры!$H$2:$H$1501,MATCH($A4*1000+6,Квартиры!$K$2:$K$1501,0))&" СУ"&IF(INDEX(Квартиры!$I$2:$I$1501,MATCH($A4*1000+6,Квартиры!$K$2:$K$1501,0))>0," +У","")&IF(INDEX(Квартиры!$J$2:$J$1501,MATCH($A4*1000+6,Квартиры!$K$2:$K$1501,0))>0," +Г",""),"-")) | I4: =IF($A4="","",IFERROR(IF(Настройки!$B$4="да",INDEX(Квартиры!$D$2:$D$1501,MATCH($A4*1000+7,Квартиры!$K$2:$K$1501,0))&" / ","")&INDEX(Квартиры!$H$2:$H$1501,MATCH($A4*1000+7,Квартиры!$K$2:$K$1501,0))&" СУ"&IF(INDEX(Квартиры!$I$2:$I$1501,MATCH($A4*1000+7,Квартиры!$K$2:$K$1501,0))>0," +У","")&IF(INDEX(Квартиры!$J$2:$J$1501,MATCH($A4*1000+7,Квартиры!$K$2:$K$1501,0))>0," +Г",""),"-")) | J4: =IF($A4="","",IFERROR(IF(Настройки!$B$4="да",INDEX(Квартиры!$D$2:$D$1501,MATCH($A4*1000+8,Квартиры!$K$2:$K$1501,0))&" / ","")&INDEX(Квартиры!$H$2:$H$1501,MATCH($A4*1000+8,Квартиры!$K$2:$K$1501,0))&" СУ"&IF(INDEX(Квартиры!$I$2:$I$1501,MATCH($A4*1000+8,Квартиры!$K$2:$K$1501,0))>0," +У","")&IF(INDEX(Квартиры!$J$2:$J$1501,MATCH($A4*1000+8,Квартиры!$K$2:$K$1501,0))>0," +Г",""),"-")) | K4: =IF($A4="","",IFERROR(IF(Настройки!$B$4="да",INDEX(Квартиры!$D$2:$D$1501,MATCH($A4*1000+9,Квартиры!$K$2:$K$1501,0))&" / ","")&INDEX(Квартиры!$H$2:$H$1501,MATCH($A4*1000+9,Квартиры!$K$2:$K$1501,0))&" СУ"&IF(INDEX(Квартиры!$I$2:$I$1501,MATCH($A4*1000+9,Квартиры!$K$2:$K$1501,0))>0," +У","")&IF(INDEX(Квартиры!$J$2:$J$1501,MATCH($A4*1000+9,Квартиры!$K$2:$K$1501,0))>0," +Г",""),"-")) | L4: =IF($A4="","",IFERROR(IF(Настройки!$B$4="да",INDEX(Квартиры!$D$2:$D$1501,MATCH($A4*1000+10,Квартиры!$K$2:$K$1501,0))&" / ","")&INDEX(Квартиры!$H$2:$H$1501,MATCH($A4*1000+10,Квартиры!$K$2:$K$1501,0))&" СУ"&IF(INDEX(Квартиры!$I$2:$I$1501,MATCH($A4*1000+10,Квартиры!$K$2:$K$1501,0))>0," +У","")&IF(INDEX(Квартиры!$J$2:$J$1501,MATCH($A4*1000+10,Квартиры!$K$2:$K$1501,0))>0," +Г",""),"-")) | M4: =IF($A4="","",IFERROR(IF(Настройки!$B$4="да",INDEX(Квартиры!$D$2:$D$1501,MATCH($A4*1000+11,Квартиры!$K$2:$K$1501,0))&" / ","")&INDEX(Квартиры!$H$2:$H$1501,MATCH($A4*1000+11,Квартиры!$K$2:$K$1501,0))&" СУ"&IF(INDEX(Квартиры!$I$2:$I$1501,MATCH($A4*1000+11,Квартиры!$K$2:$K$1501,0))>0," +У","")&IF(INDEX(Квартиры!$J$2:$J$1501,MATCH($A4*1000+11,Квартиры!$K$2:$K$1501,0))>0," +Г",""),"-")) | N4: =IF($A4="","",IFERROR(IF(Настройки!$B$4="да",INDEX(Квартиры!$D$2:$D$1501,MATCH($A4*1000+12,Квартиры!$K$2:$K$1501,0))&" / ","")&INDEX(Квартиры!$H$2:$H$1501,MATCH($A4*1000+12,Квартиры!$K$2:$K$1501,0))&" СУ"&IF(INDEX(Квартиры!$I$2:$I$1501,MATCH($A4*1000+12,Квартиры!$K$2:$K$1501,0))>0," +У","")&IF(INDEX(Квартиры!$J$2:$J$1501,MATCH($A4*1000+12,Квартиры!$K$2:$K$1501,0))>0," +Г",""),"-")) | O4: =IF($A4="","",IFERROR(IF(Настройки!$B$4="да",INDEX(Квартиры!$D$2:$D$1501,MATCH($A4*1000+13,Квартиры!$K$2:$K$1501,0))&" / ","")&INDEX(Квартиры!$H$2:$H$1501,MATCH($A4*1000+13,Квартиры!$K$2:$K$1501,0))&" СУ"&IF(INDEX(Квартиры!$I$2:$I$1501,MATCH($A4*1000+13,Квартиры!$K$2:$K$1501,0))>0," +У","")&IF(INDEX(Квартиры!$J$2:$J$1501,MATCH($A4*1000+13,Квартиры!$K$2:$K$1501,0))>0," +Г",""),"-")) | P4: =IF($A4="","",IFERROR(IF(Настройки!$B$4="да",INDEX(Квартиры!$D$2:$D$1501,MATCH($A4*1000+14,Квартиры!$K$2:$K$1501,0))&" / ","")&INDEX(Квартиры!$H$2:$H$1501,MATCH($A4*1000+14,Квартиры!$K$2:$K$1501,0))&" СУ"&IF(INDEX(Квартиры!$I$2:$I$1501,MATCH($A4*1000+14,Квартиры!$K$2:$K$1501,0))>0," +У","")&IF(INDEX(Квартиры!$J$2:$J$1501,MATCH($A4*1000+14,Квартиры!$K$2:$K$1501,0))>0," +Г",""),"-")) | Q4: =IF($A4="","",IFERROR(IF(Настройки!$B$4="да",INDEX(Квартиры!$D$2:$D$1501,MATCH($A4*1000+15,Квартиры!$K$2:$K$1501,0))&" / ","")&INDEX(Квартиры!$H$2:$H$1501,MATCH($A4*1000+15,Квартиры!$K$2:$K$1501,0))&" СУ"&IF(INDEX(Квартиры!$I$2:$I$1501,MATCH($A4*1000+15,Квартиры!$K$2:$K$1501,0))>0," +У","")&IF(INDEX(Квартиры!$J$2:$J$1501,MATCH($A4*1000+15,Квартиры!$K$2:$K$1501,0))>0," +Г",""),"-")) | R4: =IF(A4="","",C4&"|"&D4&"|"&E4&"|"&F4&"|"&G4&"|"&H4&"|"&I4&"|"&J4&"|"&K4&"|"&L4&"|"&M4&"|"&N4&"|"&O4&"|"&P4&"|"&Q4) | S4: =IF(A4="","",IFERROR(LOOKUP(2,1/(B$2:B3=B4),S$2:S3)&", ","")&A4) | U4: =IF(2>MAX(B$3:B$82),"",2) | V4: =IF(U4="","",LOOKUP(2,1/(B$3:B$82=U4),S$3:S$82)) | W4: =IF(U4="","",COUNTIF(B$3:B$82,U4))
A5: =IFERROR(IF(A4="","",SMALL(Квартиры!$B$2:$B$1501,COUNTIF(Квартиры!$B$2:$B$1501,"<="&A4)+1)),"") | B5: =IF(A5="","",IF(COUNTIF(R$2:R4,R5)=0,MAX(B$2:B4)+1,INDEX(B$2:B4,MATCH(R5,R$2:R4,0)))) | C5: =IF($A5="","",IFERROR(IF(Настройки!$B$4="да",INDEX(Квартиры!$D$2:$D$1501,MATCH($A5*1000+1,Квартиры!$K$2:$K$1501,0))&" / ","")&INDEX(Квартиры!$H$2:$H$1501,MATCH($A5*1000+1,Квартиры!$K$2:$K$1501,0))&" СУ"&IF(INDEX(Квартиры!$I$2:$I$1501,MATCH($A5*1000+1,Квартиры!$K$2:$K$1501,0))>0," +У","")&IF(INDEX(Квартиры!$J$2:$J$1501,MATCH($A5*1000+1,Квартиры!$K$2:$K$1501,0))>0," +Г",""),"-")) | D5: =IF($A5="","",IFERROR(IF(Настройки!$B$4="да",INDEX(Квартиры!$D$2:$D$1501,MATCH($A5*1000+2,Квартиры!$K$2:$K$1501,0))&" / ","")&INDEX(Квартиры!$H$2:$H$1501,MATCH($A5*1000+2,Квартиры!$K$2:$K$1501,0))&" СУ"&IF(INDEX(Квартиры!$I$2:$I$1501,MATCH($A5*1000+2,Квартиры!$K$2:$K$1501,0))>0," +У","")&IF(INDEX(Квартиры!$J$2:$J$1501,MATCH($A5*1000+2,Квартиры!$K$2:$K$1501,0))>0," +Г",""),"-")) | E5: =IF($A5="","",IFERROR(IF(Настройки!$B$4="да",INDEX(Квартиры!$D$2:$D$1501,MATCH($A5*1000+3,Квартиры!$K$2:$K$1501,0))&" / ","")&INDEX(Квартиры!$H$2:$H$1501,MATCH($A5*1000+3,Квартиры!$K$2:$K$1501,0))&" СУ"&IF(INDEX(Квартиры!$I$2:$I$1501,MATCH($A5*1000+3,Квартиры!$K$2:$K$1501,0))>0," +У","")&IF(INDEX(Квартиры!$J$2:$J$1501,MATCH($A5*1000+3,Квартиры!$K$2:$K$1501,0))>0," +Г",""),"-")) | F5: =IF($A5="","",IFERROR(IF(Настройки!$B$4="да",INDEX(Квартиры!$D$2:$D$1501,MATCH($A5*1000+4,Квартиры!$K$2:$K$1501,0))&" / ","")&INDEX(Квартиры!$H$2:$H$1501,MATCH($A5*1000+4,Квартиры!$K$2:$K$1501,0))&" СУ"&IF(INDEX(Квартиры!$I$2:$I$1501,MATCH($A5*1000+4,Квартиры!$K$2:$K$1501,0))>0," +У","")&IF(INDEX(Квартиры!$J$2:$J$1501,MATCH($A5*1000+4,Квартиры!$K$2:$K$1501,0))>0," +Г",""),"-")) | G5: =IF($A5="","",IFERROR(IF(Настройки!$B$4="да",INDEX(Квартиры!$D$2:$D$1501,MATCH($A5*1000+5,Квартиры!$K$2:$K$1501,0))&" / ","")&INDEX(Квартиры!$H$2:$H$1501,MATCH($A5*1000+5,Квартиры!$K$2:$K$1501,0))&" СУ"&IF(INDEX(Квартиры!$I$2:$I$1501,MATCH($A5*1000+5,Квартиры!$K$2:$K$1501,0))>0," +У","")&IF(INDEX(Квартиры!$J$2:$J$1501,MATCH($A5*1000+5,Квартиры!$K$2:$K$1501,0))>0," +Г",""),"-")) | H5: =IF($A5="","",IFERROR(IF(Настройки!$B$4="да",INDEX(Квартиры!$D$2:$D$1501,MATCH($A5*1000+6,Квартиры!$K$2:$K$1501,0))&" / ","")&INDEX(Квартиры!$H$2:$H$1501,MATCH($A5*1000+6,Квартиры!$K$2:$K$1501,0))&" СУ"&IF(INDEX(Квартиры!$I$2:$I$1501,MATCH($A5*1000+6,Квартиры!$K$2:$K$1501,0))>0," +У","")&IF(INDEX(Квартиры!$J$2:$J$1501,MATCH($A5*1000+6,Квартиры!$K$2:$K$1501,0))>0," +Г",""),"-")) | I5: =IF($A5="","",IFERROR(IF(Настройки!$B$4="да",INDEX(Квартиры!$D$2:$D$1501,MATCH($A5*1000+7,Квартиры!$K$2:$K$1501,0))&" / ","")&INDEX(Квартиры!$H$2:$H$1501,MATCH($A5*1000+7,Квартиры!$K$2:$K$1501,0))&" СУ"&IF(INDEX(Квартиры!$I$2:$I$1501,MATCH($A5*1000+7,Квартиры!$K$2:$K$1501,0))>0," +У","")&IF(INDEX(Квартиры!$J$2:$J$1501,MATCH($A5*1000+7,Квартиры!$K$2:$K$1501,0))>0," +Г",""),"-")) | J5: =IF($A5="","",IFERROR(IF(Настройки!$B$4="да",INDEX(Квартиры!$D$2:$D$1501,MATCH($A5*1000+8,Квартиры!$K$2:$K$1501,0))&" / ","")&INDEX(Квартиры!$H$2:$H$1501,MATCH($A5*1000+8,Квартиры!$K$2:$K$1501,0))&" СУ"&IF(INDEX(Квартиры!$I$2:$I$1501,MATCH($A5*1000+8,Квартиры!$K$2:$K$1501,0))>0," +У","")&IF(INDEX(Квартиры!$J$2:$J$1501,MATCH($A5*1000+8,Квартиры!$K$2:$K$1501,0))>0," +Г",""),"-")) | K5: =IF($A5="","",IFERROR(IF(Настройки!$B$4="да",INDEX(Квартиры!$D$2:$D$1501,MATCH($A5*1000+9,Квартиры!$K$2:$K$1501,0))&" / ","")&INDEX(Квартиры!$H$2:$H$1501,MATCH($A5*1000+9,Квартиры!$K$2:$K$1501,0))&" СУ"&IF(INDEX(Квартиры!$I$2:$I$1501,MATCH($A5*1000+9,Квартиры!$K$2:$K$1501,0))>0," +У","")&IF(INDEX(Квартиры!$J$2:$J$1501,MATCH($A5*1000+9,Квартиры!$K$2:$K$1501,0))>0," +Г",""),"-")) | L5: =IF($A5="","",IFERROR(IF(Настройки!$B$4="да",INDEX(Квартиры!$D$2:$D$1501,MATCH($A5*1000+10,Квартиры!$K$2:$K$1501,0))&" / ","")&INDEX(Квартиры!$H$2:$H$1501,MATCH($A5*1000+10,Квартиры!$K$2:$K$1501,0))&" СУ"&IF(INDEX(Квартиры!$I$2:$I$1501,MATCH($A5*1000+10,Квартиры!$K$2:$K$1501,0))>0," +У","")&IF(INDEX(Квартиры!$J$2:$J$1501,MATCH($A5*1000+10,Квартиры!$K$2:$K$1501,0))>0," +Г",""),"-")) | M5: =IF($A5="","",IFERROR(IF(Настройки!$B$4="да",INDEX(Квартиры!$D$2:$D$1501,MATCH($A5*1000+11,Квартиры!$K$2:$K$1501,0))&" / ","")&INDEX(Квартиры!$H$2:$H$1501,MATCH($A5*1000+11,Квартиры!$K$2:$K$1501,0))&" СУ"&IF(INDEX(Квартиры!$I$2:$I$1501,MATCH($A5*1000+11,Квартиры!$K$2:$K$1501,0))>0," +У","")&IF(INDEX(Квартиры!$J$2:$J$1501,MATCH($A5*1000+11,Квартиры!$K$2:$K$1501,0))>0," +Г",""),"-")) | N5: =IF($A5="","",IFERROR(IF(Настройки!$B$4="да",INDEX(Квартиры!$D$2:$D$1501,MATCH($A5*1000+12,Квартиры!$K$2:$K$1501,0))&" / ","")&INDEX(Квартиры!$H$2:$H$1501,MATCH($A5*1000+12,Квартиры!$K$2:$K$1501,0))&" СУ"&IF(INDEX(Квартиры!$I$2:$I$1501,MATCH($A5*1000+12,Квартиры!$K$2:$K$1501,0))>0," +У","")&IF(INDEX(Квартиры!$J$2:$J$1501,MATCH($A5*1000+12,Квартиры!$K$2:$K$1501,0))>0," +Г",""),"-")) | O5: =IF($A5="","",IFERROR(IF(Настройки!$B$4="да",INDEX(Квартиры!$D$2:$D$1501,MATCH($A5*1000+13,Квартиры!$K$2:$K$1501,0))&" / ","")&INDEX(Квартиры!$H$2:$H$1501,MATCH($A5*1000+13,Квартиры!$K$2:$K$1501,0))&" СУ"&IF(INDEX(Квартиры!$I$2:$I$1501,MATCH($A5*1000+13,Квартиры!$K$2:$K$1501,0))>0," +У","")&IF(INDEX(Квартиры!$J$2:$J$1501,MATCH($A5*1000+13,Квартиры!$K$2:$K$1501,0))>0," +Г",""),"-")) | P5: =IF($A5="","",IFERROR(IF(Настройки!$B$4="да",INDEX(Квартиры!$D$2:$D$1501,MATCH($A5*1000+14,Квартиры!$K$2:$K$1501,0))&" / ","")&INDEX(Квартиры!$H$2:$H$1501,MATCH($A5*1000+14,Квартиры!$K$2:$K$1501,0))&" СУ"&IF(INDEX(Квартиры!$I$2:$I$1501,MATCH($A5*1000+14,Квартиры!$K$2:$K$1501,0))>0," +У","")&IF(INDEX(Квартиры!$J$2:$J$1501,MATCH($A5*1000+14,Квартиры!$K$2:$K$1501,0))>0," +Г",""),"-")) | Q5: =IF($A5="","",IFERROR(IF(Настройки!$B$4="да",INDEX(Квартиры!$D$2:$D$1501,MATCH($A5*1000+15,Квартиры!$K$2:$K$1501,0))&" / ","")&INDEX(Квартиры!$H$2:$H$1501,MATCH($A5*1000+15,Квартиры!$K$2:$K$1501,0))&" СУ"&IF(INDEX(Квартиры!$I$2:$I$1501,MATCH($A5*1000+15,Квартиры!$K$2:$K$1501,0))>0," +У","")&IF(INDEX(Квартиры!$J$2:$J$1501,MATCH($A5*1000+15,Квартиры!$K$2:$K$1501,0))>0," +Г",""),"-")) | R5: =IF(A5="","",C5&"|"&D5&"|"&E5&"|"&F5&"|"&G5&"|"&H5&"|"&I5&"|"&J5&"|"&K5&"|"&L5&"|"&M5&"|"&N5&"|"&O5&"|"&P5&"|"&Q5) | S5: =IF(A5="","",IFERROR(LOOKUP(2,1/(B$2:B4=B5),S$2:S4)&", ","")&A5) | U5: =IF(3>MAX(B$3:B$82),"",3) | V5: =IF(U5="","",LOOKUP(2,1/(B$3:B$82=U5),S$3:S$82)) | W5: =IF(U5="","",COUNTIF(B$3:B$82,U5))
A6: =IFERROR(IF(A5="","",SMALL(Квартиры!$B$2:$B$1501,COUNTIF(Квартиры!$B$2:$B$1501,"<="&A5)+1)),"") | B6: =IF(A6="","",IF(COUNTIF(R$2:R5,R6)=0,MAX(B$2:B5)+1,INDEX(B$2:B5,MATCH(R6,R$2:R5,0)))) | C6: =IF($A6="","",IFERROR(IF(Настройки!$B$4="да",INDEX(Квартиры!$D$2:$D$1501,MATCH($A6*1000+1,Квартиры!$K$2:$K$1501,0))&" / ","")&INDEX(Квартиры!$H$2:$H$1501,MATCH($A6*1000+1,Квартиры!$K$2:$K$1501,0))&" СУ"&IF(INDEX(Квартиры!$I$2:$I$1501,MATCH($A6*1000+1,Квартиры!$K$2:$K$1501,0))>0," +У","")&IF(INDEX(Квартиры!$J$2:$J$1501,MATCH($A6*1000+1,Квартиры!$K$2:$K$1501,0))>0," +Г",""),"-")) | D6: =IF($A6="","",IFERROR(IF(Настройки!$B$4="да",INDEX(Квартиры!$D$2:$D$1501,MATCH($A6*1000+2,Квартиры!$K$2:$K$1501,0))&" / ","")&INDEX(Квартиры!$H$2:$H$1501,MATCH($A6*1000+2,Квартиры!$K$2:$K$1501,0))&" СУ"&IF(INDEX(Квартиры!$I$2:$I$1501,MATCH($A6*1000+2,Квартиры!$K$2:$K$1501,0))>0," +У","")&IF(INDEX(Квартиры!$J$2:$J$1501,MATCH($A6*1000+2,Квартиры!$K$2:$K$1501,0))>0," +Г",""),"-")) | E6: =IF($A6="","",IFERROR(IF(Настройки!$B$4="да",INDEX(Квартиры!$D$2:$D$1501,MATCH($A6*1000+3,Квартиры!$K$2:$K$1501,0))&" / ","")&INDEX(Квартиры!$H$2:$H$1501,MATCH($A6*1000+3,Квартиры!$K$2:$K$1501,0))&" СУ"&IF(INDEX(Квартиры!$I$2:$I$1501,MATCH($A6*1000+3,Квартиры!$K$2:$K$1501,0))>0," +У","")&IF(INDEX(Квартиры!$J$2:$J$1501,MATCH($A6*1000+3,Квартиры!$K$2:$K$1501,0))>0," +Г",""),"-")) | F6: =IF($A6="","",IFERROR(IF(Настройки!$B$4="да",INDEX(Квартиры!$D$2:$D$1501,MATCH($A6*1000+4,Квартиры!$K$2:$K$1501,0))&" / ","")&INDEX(Квартиры!$H$2:$H$1501,MATCH($A6*1000+4,Квартиры!$K$2:$K$1501,0))&" СУ"&IF(INDEX(Квартиры!$I$2:$I$1501,MATCH($A6*1000+4,Квартиры!$K$2:$K$1501,0))>0," +У","")&IF(INDEX(Квартиры!$J$2:$J$1501,MATCH($A6*1000+4,Квартиры!$K$2:$K$1501,0))>0," +Г",""),"-")) | G6: =IF($A6="","",IFERROR(IF(Настройки!$B$4="да",INDEX(Квартиры!$D$2:$D$1501,MATCH($A6*1000+5,Квартиры!$K$2:$K$1501,0))&" / ","")&INDEX(Квартиры!$H$2:$H$1501,MATCH($A6*1000+5,Квартиры!$K$2:$K$1501,0))&" СУ"&IF(INDEX(Квартиры!$I$2:$I$1501,MATCH($A6*1000+5,Квартиры!$K$2:$K$1501,0))>0," +У","")&IF(INDEX(Квартиры!$J$2:$J$1501,MATCH($A6*1000+5,Квартиры!$K$2:$K$1501,0))>0," +Г",""),"-")) | H6: =IF($A6="","",IFERROR(IF(Настройки!$B$4="да",INDEX(Квартиры!$D$2:$D$1501,MATCH($A6*1000+6,Квартиры!$K$2:$K$1501,0))&" / ","")&INDEX(Квартиры!$H$2:$H$1501,MATCH($A6*1000+6,Квартиры!$K$2:$K$1501,0))&" СУ"&IF(INDEX(Квартиры!$I$2:$I$1501,MATCH($A6*1000+6,Квартиры!$K$2:$K$1501,0))>0," +У","")&IF(INDEX(Квартиры!$J$2:$J$1501,MATCH($A6*1000+6,Квартиры!$K$2:$K$1501,0))>0," +Г",""),"-")) | I6: =IF($A6="","",IFERROR(IF(Настройки!$B$4="да",INDEX(Квартиры!$D$2:$D$1501,MATCH($A6*1000+7,Квартиры!$K$2:$K$1501,0))&" / ","")&INDEX(Квартиры!$H$2:$H$1501,MATCH($A6*1000+7,Квартиры!$K$2:$K$1501,0))&" СУ"&IF(INDEX(Квартиры!$I$2:$I$1501,MATCH($A6*1000+7,Квартиры!$K$2:$K$1501,0))>0," +У","")&IF(INDEX(Квартиры!$J$2:$J$1501,MATCH($A6*1000+7,Квартиры!$K$2:$K$1501,0))>0," +Г",""),"-")) | J6: =IF($A6="","",IFERROR(IF(Настройки!$B$4="да",INDEX(Квартиры!$D$2:$D$1501,MATCH($A6*1000+8,Квартиры!$K$2:$K$1501,0))&" / ","")&INDEX(Квартиры!$H$2:$H$1501,MATCH($A6*1000+8,Квартиры!$K$2:$K$1501,0))&" СУ"&IF(INDEX(Квартиры!$I$2:$I$1501,MATCH($A6*1000+8,Квартиры!$K$2:$K$1501,0))>0," +У","")&IF(INDEX(Квартиры!$J$2:$J$1501,MATCH($A6*1000+8,Квартиры!$K$2:$K$1501,0))>0," +Г",""),"-")) | K6: =IF($A6="","",IFERROR(IF(Настройки!$B$4="да",INDEX(Квартиры!$D$2:$D$1501,MATCH($A6*1000+9,Квартиры!$K$2:$K$1501,0))&" / ","")&INDEX(Квартиры!$H$2:$H$1501,MATCH($A6*1000+9,Квартиры!$K$2:$K$1501,0))&" СУ"&IF(INDEX(Квартиры!$I$2:$I$1501,MATCH($A6*1000+9,Квартиры!$K$2:$K$1501,0))>0," +У","")&IF(INDEX(Квартиры!$J$2:$J$1501,MATCH($A6*1000+9,Квартиры!$K$2:$K$1501,0))>0," +Г",""),"-")) | L6: =IF($A6="","",IFERROR(IF(Настройки!$B$4="да",INDEX(Квартиры!$D$2:$D$1501,MATCH($A6*1000+10,Квартиры!$K$2:$K$1501,0))&" / ","")&INDEX(Квартиры!$H$2:$H$1501,MATCH($A6*1000+10,Квартиры!$K$2:$K$1501,0))&" СУ"&IF(INDEX(Квартиры!$I$2:$I$1501,MATCH($A6*1000+10,Квартиры!$K$2:$K$1501,0))>0," +У","")&IF(INDEX(Квартиры!$J$2:$J$1501,MATCH($A6*1000+10,Квартиры!$K$2:$K$1501,0))>0," +Г",""),"-")) | M6: =IF($A6="","",IFERROR(IF(Настройки!$B$4="да",INDEX(Квартиры!$D$2:$D$1501,MATCH($A6*1000+11,Квартиры!$K$2:$K$1501,0))&" / ","")&INDEX(Квартиры!$H$2:$H$1501,MATCH($A6*1000+11,Квартиры!$K$2:$K$1501,0))&" СУ"&IF(INDEX(Квартиры!$I$2:$I$1501,MATCH($A6*1000+11,Квартиры!$K$2:$K$1501,0))>0," +У","")&IF(INDEX(Квартиры!$J$2:$J$1501,MATCH($A6*1000+11,Квартиры!$K$2:$K$1501,0))>0," +Г",""),"-")) | N6: =IF($A6="","",IFERROR(IF(Настройки!$B$4="да",INDEX(Квартиры!$D$2:$D$1501,MATCH($A6*1000+12,Квартиры!$K$2:$K$1501,0))&" / ","")&INDEX(Квартиры!$H$2:$H$1501,MATCH($A6*1000+12,Квартиры!$K$2:$K$1501,0))&" СУ"&IF(INDEX(Квартиры!$I$2:$I$1501,MATCH($A6*1000+12,Квартиры!$K$2:$K$1501,0))>0," +У","")&IF(INDEX(Квартиры!$J$2:$J$1501,MATCH($A6*1000+12,Квартиры!$K$2:$K$1501,0))>0," +Г",""),"-")) | O6: =IF($A6="","",IFERROR(IF(Настройки!$B$4="да",INDEX(Квартиры!$D$2:$D$1501,MATCH($A6*1000+13,Квартиры!$K$2:$K$1501,0))&" / ","")&INDEX(Квартиры!$H$2:$H$1501,MATCH($A6*1000+13,Квартиры!$K$2:$K$1501,0))&" СУ"&IF(INDEX(Квартиры!$I$2:$I$1501,MATCH($A6*1000+13,Квартиры!$K$2:$K$1501,0))>0," +У","")&IF(INDEX(Квартиры!$J$2:$J$1501,MATCH($A6*1000+13,Квартиры!$K$2:$K$1501,0))>0," +Г",""),"-")) | P6: =IF($A6="","",IFERROR(IF(Настройки!$B$4="да",INDEX(Квартиры!$D$2:$D$1501,MATCH($A6*1000+14,Квартиры!$K$2:$K$1501,0))&" / ","")&INDEX(Квартиры!$H$2:$H$1501,MATCH($A6*1000+14,Квартиры!$K$2:$K$1501,0))&" СУ"&IF(INDEX(Квартиры!$I$2:$I$1501,MATCH($A6*1000+14,Квартиры!$K$2:$K$1501,0))>0," +У","")&IF(INDEX(Квартиры!$J$2:$J$1501,MATCH($A6*1000+14,Квартиры!$K$2:$K$1501,0))>0," +Г",""),"-")) | Q6: =IF($A6="","",IFERROR(IF(Настройки!$B$4="да",INDEX(Квартиры!$D$2:$D$1501,MATCH($A6*1000+15,Квартиры!$K$2:$K$1501,0))&" / ","")&INDEX(Квартиры!$H$2:$H$1501,MATCH($A6*1000+15,Квартиры!$K$2:$K$1501,0))&" СУ"&IF(INDEX(Квартиры!$I$2:$I$1501,MATCH($A6*1000+15,Квартиры!$K$2:$K$1501,0))>0," +У","")&IF(INDEX(Квартиры!$J$2:$J$1501,MATCH($A6*1000+15,Квартиры!$K$2:$K$1501,0))>0," +Г",""),"-")) | R6: =IF(A6="","",C6&"|"&D6&"|"&E6&"|"&F6&"|"&G6&"|"&H6&"|"&I6&"|"&J6&"|"&K6&"|"&L6&"|"&M6&"|"&N6&"|"&O6&"|"&P6&"|"&Q6) | S6: =IF(A6="","",IFERROR(LOOKUP(2,1/(B$2:B5=B6),S$2:S5)&", ","")&A6) | U6: =IF(4>MAX(B$3:B$82),"",4) | V6: =IF(U6="","",LOOKUP(2,1/(B$3:B$82=U6),S$3:S$82)) | W6: =IF(U6="","",COUNTIF(B$3:B$82,U6))
A7: =IFERROR(IF(A6="","",SMALL(Квартиры!$B$2:$B$1501,COUNTIF(Квартиры!$B$2:$B$1501,"<="&A6)+1)),"") | B7: =IF(A7="","",IF(COUNTIF(R$2:R6,R7)=0,MAX(B$2:B6)+1,INDEX(B$2:B6,MATCH(R7,R$2:R6,0)))) | C7: =IF($A7="","",IFERROR(IF(Настройки!$B$4="да",INDEX(Квартиры!$D$2:$D$1501,MATCH($A7*1000+1,Квартиры!$K$2:$K$1501,0))&" / ","")&INDEX(Квартиры!$H$2:$H$1501,MATCH($A7*1000+1,Квартиры!$K$2:$K$1501,0))&" СУ"&IF(INDEX(Квартиры!$I$2:$I$1501,MATCH($A7*1000+1,Квартиры!$K$2:$K$1501,0))>0," +У","")&IF(INDEX(Квартиры!$J$2:$J$1501,MATCH($A7*1000+1,Квартиры!$K$2:$K$1501,0))>0," +Г",""),"-")) | D7: =IF($A7="","",IFERROR(IF(Настройки!$B$4="да",INDEX(Квартиры!$D$2:$D$1501,MATCH($A7*1000+2,Квартиры!$K$2:$K$1501,0))&" / ","")&INDEX(Квартиры!$H$2:$H$1501,MATCH($A7*1000+2,Квартиры!$K$2:$K$1501,0))&" СУ"&IF(INDEX(Квартиры!$I$2:$I$1501,MATCH($A7*1000+2,Квартиры!$K$2:$K$1501,0))>0," +У","")&IF(INDEX(Квартиры!$J$2:$J$1501,MATCH($A7*1000+2,Квартиры!$K$2:$K$1501,0))>0," +Г",""),"-")) | E7: =IF($A7="","",IFERROR(IF(Настройки!$B$4="да",INDEX(Квартиры!$D$2:$D$1501,MATCH($A7*1000+3,Квартиры!$K$2:$K$1501,0))&" / ","")&INDEX(Квартиры!$H$2:$H$1501,MATCH($A7*1000+3,Квартиры!$K$2:$K$1501,0))&" СУ"&IF(INDEX(Квартиры!$I$2:$I$1501,MATCH($A7*1000+3,Квартиры!$K$2:$K$1501,0))>0," +У","")&IF(INDEX(Квартиры!$J$2:$J$1501,MATCH($A7*1000+3,Квартиры!$K$2:$K$1501,0))>0," +Г",""),"-")) | F7: =IF($A7="","",IFERROR(IF(Настройки!$B$4="да",INDEX(Квартиры!$D$2:$D$1501,MATCH($A7*1000+4,Квартиры!$K$2:$K$1501,0))&" / ","")&INDEX(Квартиры!$H$2:$H$1501,MATCH($A7*1000+4,Квартиры!$K$2:$K$1501,0))&" СУ"&IF(INDEX(Квартиры!$I$2:$I$1501,MATCH($A7*1000+4,Квартиры!$K$2:$K$1501,0))>0," +У","")&IF(INDEX(Квартиры!$J$2:$J$1501,MATCH($A7*1000+4,Квартиры!$K$2:$K$1501,0))>0," +Г",""),"-")) | G7: =IF($A7="","",IFERROR(IF(Настройки!$B$4="да",INDEX(Квартиры!$D$2:$D$1501,MATCH($A7*1000+5,Квартиры!$K$2:$K$1501,0))&" / ","")&INDEX(Квартиры!$H$2:$H$1501,MATCH($A7*1000+5,Квартиры!$K$2:$K$1501,0))&" СУ"&IF(INDEX(Квартиры!$I$2:$I$1501,MATCH($A7*1000+5,Квартиры!$K$2:$K$1501,0))>0," +У","")&IF(INDEX(Квартиры!$J$2:$J$1501,MATCH($A7*1000+5,Квартиры!$K$2:$K$1501,0))>0," +Г",""),"-")) | H7: =IF($A7="","",IFERROR(IF(Настройки!$B$4="да",INDEX(Квартиры!$D$2:$D$1501,MATCH($A7*1000+6,Квартиры!$K$2:$K$1501,0))&" / ","")&INDEX(Квартиры!$H$2:$H$1501,MATCH($A7*1000+6,Квартиры!$K$2:$K$1501,0))&" СУ"&IF(INDEX(Квартиры!$I$2:$I$1501,MATCH($A7*1000+6,Квартиры!$K$2:$K$1501,0))>0," +У","")&IF(INDEX(Квартиры!$J$2:$J$1501,MATCH($A7*1000+6,Квартиры!$K$2:$K$1501,0))>0," +Г",""),"-")) | I7: =IF($A7="","",IFERROR(IF(Настройки!$B$4="да",INDEX(Квартиры!$D$2:$D$1501,MATCH($A7*1000+7,Квартиры!$K$2:$K$1501,0))&" / ","")&INDEX(Квартиры!$H$2:$H$1501,MATCH($A7*1000+7,Квартиры!$K$2:$K$1501,0))&" СУ"&IF(INDEX(Квартиры!$I$2:$I$1501,MATCH($A7*1000+7,Квартиры!$K$2:$K$1501,0))>0," +У","")&IF(INDEX(Квартиры!$J$2:$J$1501,MATCH($A7*1000+7,Квартиры!$K$2:$K$1501,0))>0," +Г",""),"-")) | J7: =IF($A7="","",IFERROR(IF(Настройки!$B$4="да",INDEX(Квартиры!$D$2:$D$1501,MATCH($A7*1000+8,Квартиры!$K$2:$K$1501,0))&" / ","")&INDEX(Квартиры!$H$2:$H$1501,MATCH($A7*1000+8,Квартиры!$K$2:$K$1501,0))&" СУ"&IF(INDEX(Квартиры!$I$2:$I$1501,MATCH($A7*1000+8,Квартиры!$K$2:$K$1501,0))>0," +У","")&IF(INDEX(Квартиры!$J$2:$J$1501,MATCH($A7*1000+8,Квартиры!$K$2:$K$1501,0))>0," +Г",""),"-")) | K7: =IF($A7="","",IFERROR(IF(Настройки!$B$4="да",INDEX(Квартиры!$D$2:$D$1501,MATCH($A7*1000+9,Квартиры!$K$2:$K$1501,0))&" / ","")&INDEX(Квартиры!$H$2:$H$1501,MATCH($A7*1000+9,Квартиры!$K$2:$K$1501,0))&" СУ"&IF(INDEX(Квартиры!$I$2:$I$1501,MATCH($A7*1000+9,Квартиры!$K$2:$K$1501,0))>0," +У","")&IF(INDEX(Квартиры!$J$2:$J$1501,MATCH($A7*1000+9,Квартиры!$K$2:$K$1501,0))>0," +Г",""),"-")) | L7: =IF($A7="","",IFERROR(IF(Настройки!$B$4="да",INDEX(Квартиры!$D$2:$D$1501,MATCH($A7*1000+10,Квартиры!$K$2:$K$1501,0))&" / ","")&INDEX(Квартиры!$H$2:$H$1501,MATCH($A7*1000+10,Квартиры!$K$2:$K$1501,0))&" СУ"&IF(INDEX(Квартиры!$I$2:$I$1501,MATCH($A7*1000+10,Квартиры!$K$2:$K$1501,0))>0," +У","")&IF(INDEX(Квартиры!$J$2:$J$1501,MATCH($A7*1000+10,Квартиры!$K$2:$K$1501,0))>0," +Г",""),"-")) | M7: =IF($A7="","",IFERROR(IF(Настройки!$B$4="да",INDEX(Квартиры!$D$2:$D$1501,MATCH($A7*1000+11,Квартиры!$K$2:$K$1501,0))&" / ","")&INDEX(Квартиры!$H$2:$H$1501,MATCH($A7*1000+11,Квартиры!$K$2:$K$1501,0))&" СУ"&IF(INDEX(Квартиры!$I$2:$I$1501,MATCH($A7*1000+11,Квартиры!$K$2:$K$1501,0))>0," +У","")&IF(INDEX(Квартиры!$J$2:$J$1501,MATCH($A7*1000+11,Квартиры!$K$2:$K$1501,0))>0," +Г",""),"-")) | N7: =IF($A7="","",IFERROR(IF(Настройки!$B$4="да",INDEX(Квартиры!$D$2:$D$1501,MATCH($A7*1000+12,Квартиры!$K$2:$K$1501,0))&" / ","")&INDEX(Квартиры!$H$2:$H$1501,MATCH($A7*1000+12,Квартиры!$K$2:$K$1501,0))&" СУ"&IF(INDEX(Квартиры!$I$2:$I$1501,MATCH($A7*1000+12,Квартиры!$K$2:$K$1501,0))>0," +У","")&IF(INDEX(Квартиры!$J$2:$J$1501,MATCH($A7*1000+12,Квартиры!$K$2:$K$1501,0))>0," +Г",""),"-")) | O7: =IF($A7="","",IFERROR(IF(Настройки!$B$4="да",INDEX(Квартиры!$D$2:$D$1501,MATCH($A7*1000+13,Квартиры!$K$2:$K$1501,0))&" / ","")&INDEX(Квартиры!$H$2:$H$1501,MATCH($A7*1000+13,Квартиры!$K$2:$K$1501,0))&" СУ"&IF(INDEX(Квартиры!$I$2:$I$1501,MATCH($A7*1000+13,Квартиры!$K$2:$K$1501,0))>0," +У","")&IF(INDEX(Квартиры!$J$2:$J$1501,MATCH($A7*1000+13,Квартиры!$K$2:$K$1501,0))>0," +Г",""),"-")) | P7: =IF($A7="","",IFERROR(IF(Настройки!$B$4="да",INDEX(Квартиры!$D$2:$D$1501,MATCH($A7*1000+14,Квартиры!$K$2:$K$1501,0))&" / ","")&INDEX(Квартиры!$H$2:$H$1501,MATCH($A7*1000+14,Квартиры!$K$2:$K$1501,0))&" СУ"&IF(INDEX(Квартиры!$I$2:$I$1501,MATCH($A7*1000+14,Квартиры!$K$2:$K$1501,0))>0," +У","")&IF(INDEX(Квартиры!$J$2:$J$1501,MATCH($A7*1000+14,Квартиры!$K$2:$K$1501,0))>0," +Г",""),"-")) | Q7: =IF($A7="","",IFERROR(IF(Настройки!$B$4="да",INDEX(Квартиры!$D$2:$D$1501,MATCH($A7*1000+15,Квартиры!$K$2:$K$1501,0))&" / ","")&INDEX(Квартиры!$H$2:$H$1501,MATCH($A7*1000+15,Квартиры!$K$2:$K$1501,0))&" СУ"&IF(INDEX(Квартиры!$I$2:$I$1501,MATCH($A7*1000+15,Квартиры!$K$2:$K$1501,0))>0," +У","")&IF(INDEX(Квартиры!$J$2:$J$1501,MATCH($A7*1000+15,Квартиры!$K$2:$K$1501,0))>0," +Г",""),"-")) | R7: =IF(A7="","",C7&"|"&D7&"|"&E7&"|"&F7&"|"&G7&"|"&H7&"|"&I7&"|"&J7&"|"&K7&"|"&L7&"|"&M7&"|"&N7&"|"&O7&"|"&P7&"|"&Q7) | S7: =IF(A7="","",IFERROR(LOOKUP(2,1/(B$2:B6=B7),S$2:S6)&", ","")&A7) | U7: =IF(5>MAX(B$3:B$82),"",5) | V7: =IF(U7="","",LOOKUP(2,1/(B$3:B$82=U7),S$3:S$82)) | W7: =IF(U7="","",COUNTIF(B$3:B$82,U7))
A8: =IFERROR(IF(A7="","",SMALL(Квартиры!$B$2:$B$1501,COUNTIF(Квартиры!$B$2:$B$1501,"<="&A7)+1)),"") | B8: =IF(A8="","",IF(COUNTIF(R$2:R7,R8)=0,MAX(B$2:B7)+1,INDEX(B$2:B7,MATCH(R8,R$2:R7,0)))) | C8: =IF($A8="","",IFERROR(IF(Настройки!$B$4="да",INDEX(Квартиры!$D$2:$D$1501,MATCH($A8*1000+1,Квартиры!$K$2:$K$1501,0))&" / ","")&INDEX(Квартиры!$H$2:$H$1501,MATCH($A8*1000+1,Квартиры!$K$2:$K$1501,0))&" СУ"&IF(INDEX(Квартиры!$I$2:$I$1501,MATCH($A8*1000+1,Квартиры!$K$2:$K$1501,0))>0," +У","")&IF(INDEX(Квартиры!$J$2:$J$1501,MATCH($A8*1000+1,Квартиры!$K$2:$K$1501,0))>0," +Г",""),"-")) | D8: =IF($A8="","",IFERROR(IF(Настройки!$B$4="да",INDEX(Квартиры!$D$2:$D$1501,MATCH($A8*1000+2,Квартиры!$K$2:$K$1501,0))&" / ","")&INDEX(Квартиры!$H$2:$H$1501,MATCH($A8*1000+2,Квартиры!$K$2:$K$1501,0))&" СУ"&IF(INDEX(Квартиры!$I$2:$I$1501,MATCH($A8*1000+2,Квартиры!$K$2:$K$1501,0))>0," +У","")&IF(INDEX(Квартиры!$J$2:$J$1501,MATCH($A8*1000+2,Квартиры!$K$2:$K$1501,0))>0," +Г",""),"-")) | E8: =IF($A8="","",IFERROR(IF(Настройки!$B$4="да",INDEX(Квартиры!$D$2:$D$1501,MATCH($A8*1000+3,Квартиры!$K$2:$K$1501,0))&" / ","")&INDEX(Квартиры!$H$2:$H$1501,MATCH($A8*1000+3,Квартиры!$K$2:$K$1501,0))&" СУ"&IF(INDEX(Квартиры!$I$2:$I$1501,MATCH($A8*1000+3,Квартиры!$K$2:$K$1501,0))>0," +У","")&IF(INDEX(Квартиры!$J$2:$J$1501,MATCH($A8*1000+3,Квартиры!$K$2:$K$1501,0))>0," +Г",""),"-")) | F8: =IF($A8="","",IFERROR(IF(Настройки!$B$4="да",INDEX(Квартиры!$D$2:$D$1501,MATCH($A8*1000+4,Квартиры!$K$2:$K$1501,0))&" / ","")&INDEX(Квартиры!$H$2:$H$1501,MATCH($A8*1000+4,Квартиры!$K$2:$K$1501,0))&" СУ"&IF(INDEX(Квартиры!$I$2:$I$1501,MATCH($A8*1000+4,Квартиры!$K$2:$K$1501,0))>0," +У","")&IF(INDEX(Квартиры!$J$2:$J$1501,MATCH($A8*1000+4,Квартиры!$K$2:$K$1501,0))>0," +Г",""),"-")) | G8: =IF($A8="","",IFERROR(IF(Настройки!$B$4="да",INDEX(Квартиры!$D$2:$D$1501,MATCH($A8*1000+5,Квартиры!$K$2:$K$1501,0))&" / ","")&INDEX(Квартиры!$H$2:$H$1501,MATCH($A8*1000+5,Квартиры!$K$2:$K$1501,0))&" СУ"&IF(INDEX(Квартиры!$I$2:$I$1501,MATCH($A8*1000+5,Квартиры!$K$2:$K$1501,0))>0," +У","")&IF(INDEX(Квартиры!$J$2:$J$1501,MATCH($A8*1000+5,Квартиры!$K$2:$K$1501,0))>0," +Г",""),"-")) | H8: =IF($A8="","",IFERROR(IF(Настройки!$B$4="да",INDEX(Квартиры!$D$2:$D$1501,MATCH($A8*1000+6,Квартиры!$K$2:$K$1501,0))&" / ","")&INDEX(Квартиры!$H$2:$H$1501,MATCH($A8*1000+6,Квартиры!$K$2:$K$1501,0))&" СУ"&IF(INDEX(Квартиры!$I$2:$I$1501,MATCH($A8*1000+6,Квартиры!$K$2:$K$1501,0))>0," +У","")&IF(INDEX(Квартиры!$J$2:$J$1501,MATCH($A8*1000+6,Квартиры!$K$2:$K$1501,0))>0," +Г",""),"-")) | I8: =IF($A8="","",IFERROR(IF(Настройки!$B$4="да",INDEX(Квартиры!$D$2:$D$1501,MATCH($A8*1000+7,Квартиры!$K$2:$K$1501,0))&" / ","")&INDEX(Квартиры!$H$2:$H$1501,MATCH($A8*1000+7,Квартиры!$K$2:$K$1501,0))&" СУ"&IF(INDEX(Квартиры!$I$2:$I$1501,MATCH($A8*1000+7,Квартиры!$K$2:$K$1501,0))>0," +У","")&IF(INDEX(Квартиры!$J$2:$J$1501,MATCH($A8*1000+7,Квартиры!$K$2:$K$1501,0))>0," +Г",""),"-")) | J8: =IF($A8="","",IFERROR(IF(Настройки!$B$4="да",INDEX(Квартиры!$D$2:$D$1501,MATCH($A8*1000+8,Квартиры!$K$2:$K$1501,0))&" / ","")&INDEX(Квартиры!$H$2:$H$1501,MATCH($A8*1000+8,Квартиры!$K$2:$K$1501,0))&" СУ"&IF(INDEX(Квартиры!$I$2:$I$1501,MATCH($A8*1000+8,Квартиры!$K$2:$K$1501,0))>0," +У","")&IF(INDEX(Квартиры!$J$2:$J$1501,MATCH($A8*1000+8,Квартиры!$K$2:$K$1501,0))>0," +Г",""),"-")) | K8: =IF($A8="","",IFERROR(IF(Настройки!$B$4="да",INDEX(Квартиры!$D$2:$D$1501,MATCH($A8*1000+9,Квартиры!$K$2:$K$1501,0))&" / ","")&INDEX(Квартиры!$H$2:$H$1501,MATCH($A8*1000+9,Квартиры!$K$2:$K$1501,0))&" СУ"&IF(INDEX(Квартиры!$I$2:$I$1501,MATCH($A8*1000+9,Квартиры!$K$2:$K$1501,0))>0," +У","")&IF(INDEX(Квартиры!$J$2:$J$1501,MATCH($A8*1000+9,Квартиры!$K$2:$K$1501,0))>0," +Г",""),"-")) | L8: =IF($A8="","",IFERROR(IF(Настройки!$B$4="да",INDEX(Квартиры!$D$2:$D$1501,MATCH($A8*1000+10,Квартиры!$K$2:$K$1501,0))&" / ","")&INDEX(Квартиры!$H$2:$H$1501,MATCH($A8*1000+10,Квартиры!$K$2:$K$1501,0))&" СУ"&IF(INDEX(Квартиры!$I$2:$I$1501,MATCH($A8*1000+10,Квартиры!$K$2:$K$1501,0))>0," +У","")&IF(INDEX(Квартиры!$J$2:$J$1501,MATCH($A8*1000+10,Квартиры!$K$2:$K$1501,0))>0," +Г",""),"-")) | M8: =IF($A8="","",IFERROR(IF(Настройки!$B$4="да",INDEX(Квартиры!$D$2:$D$1501,MATCH($A8*1000+11,Квартиры!$K$2:$K$1501,0))&" / ","")&INDEX(Квартиры!$H$2:$H$1501,MATCH($A8*1000+11,Квартиры!$K$2:$K$1501,0))&" СУ"&IF(INDEX(Квартиры!$I$2:$I$1501,MATCH($A8*1000+11,Квартиры!$K$2:$K$1501,0))>0," +У","")&IF(INDEX(Квартиры!$J$2:$J$1501,MATCH($A8*1000+11,Квартиры!$K$2:$K$1501,0))>0," +Г",""),"-")) | N8: =IF($A8="","",IFERROR(IF(Настройки!$B$4="да",INDEX(Квартиры!$D$2:$D$1501,MATCH($A8*1000+12,Квартиры!$K$2:$K$1501,0))&" / ","")&INDEX(Квартиры!$H$2:$H$1501,MATCH($A8*1000+12,Квартиры!$K$2:$K$1501,0))&" СУ"&IF(INDEX(Квартиры!$I$2:$I$1501,MATCH($A8*1000+12,Квартиры!$K$2:$K$1501,0))>0," +У","")&IF(INDEX(Квартиры!$J$2:$J$1501,MATCH($A8*1000+12,Квартиры!$K$2:$K$1501,0))>0," +Г",""),"-")) | O8: =IF($A8="","",IFERROR(IF(Настройки!$B$4="да",INDEX(Квартиры!$D$2:$D$1501,MATCH($A8*1000+13,Квартиры!$K$2:$K$1501,0))&" / ","")&INDEX(Квартиры!$H$2:$H$1501,MATCH($A8*1000+13,Квартиры!$K$2:$K$1501,0))&" СУ"&IF(INDEX(Квартиры!$I$2:$I$1501,MATCH($A8*1000+13,Квартиры!$K$2:$K$1501,0))>0," +У","")&IF(INDEX(Квартиры!$J$2:$J$1501,MATCH($A8*1000+13,Квартиры!$K$2:$K$1501,0))>0," +Г",""),"-")) | P8: =IF($A8="","",IFERROR(IF(Настройки!$B$4="да",INDEX(Квартиры!$D$2:$D$1501,MATCH($A8*1000+14,Квартиры!$K$2:$K$1501,0))&" / ","")&INDEX(Квартиры!$H$2:$H$1501,MATCH($A8*1000+14,Квартиры!$K$2:$K$1501,0))&" СУ"&IF(INDEX(Квартиры!$I$2:$I$1501,MATCH($A8*1000+14,Квартиры!$K$2:$K$1501,0))>0," +У","")&IF(INDEX(Квартиры!$J$2:$J$1501,MATCH($A8*1000+14,Квартиры!$K$2:$K$1501,0))>0," +Г",""),"-")) | Q8: =IF($A8="","",IFERROR(IF(Настройки!$B$4="да",INDEX(Квартиры!$D$2:$D$1501,MATCH($A8*1000+15,Квартиры!$K$2:$K$1501,0))&" / ","")&INDEX(Квартиры!$H$2:$H$1501,MATCH($A8*1000+15,Квартиры!$K$2:$K$1501,0))&" СУ"&IF(INDEX(Квартиры!$I$2:$I$1501,MATCH($A8*1000+15,Квартиры!$K$2:$K$1501,0))>0," +У","")&IF(INDEX(Квартиры!$J$2:$J$1501,MATCH($A8*1000+15,Квартиры!$K$2:$K$1501,0))>0," +Г",""),"-")) | R8: =IF(A8="","",C8&"|"&D8&"|"&E8&"|"&F8&"|"&G8&"|"&H8&"|"&I8&"|"&J8&"|"&K8&"|"&L8&"|"&M8&"|"&N8&"|"&O8&"|"&P8&"|"&Q8) | S8: =IF(A8="","",IFERROR(LOOKUP(2,1/(B$2:B7=B8),S$2:S7)&", ","")&A8) | U8: =IF(6>MAX(B$3:B$82),"",6) | V8: =IF(U8="","",LOOKUP(2,1/(B$3:B$82=U8),S$3:S$82)) | W8: =IF(U8="","",COUNTIF(B$3:B$82,U8))
A9: =IFERROR(IF(A8="","",SMALL(Квартиры!$B$2:$B$1501,COUNTIF(Квартиры!$B$2:$B$1501,"<="&A8)+1)),"") | B9: =IF(A9="","",IF(COUNTIF(R$2:R8,R9)=0,MAX(B$2:B8)+1,INDEX(B$2:B8,MATCH(R9,R$2:R8,0)))) | C9: =IF($A9="","",IFERROR(IF(Настройки!$B$4="да",INDEX(Квартиры!$D$2:$D$1501,MATCH($A9*1000+1,Квартиры!$K$2:$K$1501,0))&" / ","")&INDEX(Квартиры!$H$2:$H$1501,MATCH($A9*1000+1,Квартиры!$K$2:$K$1501,0))&" СУ"&IF(INDEX(Квартиры!$I$2:$I$1501,MATCH($A9*1000+1,Квартиры!$K$2:$K$1501,0))>0," +У","")&IF(INDEX(Квартиры!$J$2:$J$1501,MATCH($A9*1000+1,Квартиры!$K$2:$K$1501,0))>0," +Г",""),"-")) | D9: =IF($A9="","",IFERROR(IF(Настройки!$B$4="да",INDEX(Квартиры!$D$2:$D$1501,MATCH($A9*1000+2,Квартиры!$K$2:$K$1501,0))&" / ","")&INDEX(Квартиры!$H$2:$H$1501,MATCH($A9*1000+2,Квартиры!$K$2:$K$1501,0))&" СУ"&IF(INDEX(Квартиры!$I$2:$I$1501,MATCH($A9*1000+2,Квартиры!$K$2:$K$1501,0))>0," +У","")&IF(INDEX(Квартиры!$J$2:$J$1501,MATCH($A9*1000+2,Квартиры!$K$2:$K$1501,0))>0," +Г",""),"-")) | E9: =IF($A9="","",IFERROR(IF(Настройки!$B$4="да",INDEX(Квартиры!$D$2:$D$1501,MATCH($A9*1000+3,Квартиры!$K$2:$K$1501,0))&" / ","")&INDEX(Квартиры!$H$2:$H$1501,MATCH($A9*1000+3,Квартиры!$K$2:$K$1501,0))&" СУ"&IF(INDEX(Квартиры!$I$2:$I$1501,MATCH($A9*1000+3,Квартиры!$K$2:$K$1501,0))>0," +У","")&IF(INDEX(Квартиры!$J$2:$J$1501,MATCH($A9*1000+3,Квартиры!$K$2:$K$1501,0))>0," +Г",""),"-")) | F9: =IF($A9="","",IFERROR(IF(Настройки!$B$4="да",INDEX(Квартиры!$D$2:$D$1501,MATCH($A9*1000+4,Квартиры!$K$2:$K$1501,0))&" / ","")&INDEX(Квартиры!$H$2:$H$1501,MATCH($A9*1000+4,Квартиры!$K$2:$K$1501,0))&" СУ"&IF(INDEX(Квартиры!$I$2:$I$1501,MATCH($A9*1000+4,Квартиры!$K$2:$K$1501,0))>0," +У","")&IF(INDEX(Квартиры!$J$2:$J$1501,MATCH($A9*1000+4,Квартиры!$K$2:$K$1501,0))>0," +Г",""),"-")) | G9: =IF($A9="","",IFERROR(IF(Настройки!$B$4="да",INDEX(Квартиры!$D$2:$D$1501,MATCH($A9*1000+5,Квартиры!$K$2:$K$1501,0))&" / ","")&INDEX(Квартиры!$H$2:$H$1501,MATCH($A9*1000+5,Квартиры!$K$2:$K$1501,0))&" СУ"&IF(INDEX(Квартиры!$I$2:$I$1501,MATCH($A9*1000+5,Квартиры!$K$2:$K$1501,0))>0," +У","")&IF(INDEX(Квартиры!$J$2:$J$1501,MATCH($A9*1000+5,Квартиры!$K$2:$K$1501,0))>0," +Г",""),"-")) | H9: =IF($A9="","",IFERROR(IF(Настройки!$B$4="да",INDEX(Квартиры!$D$2:$D$1501,MATCH($A9*1000+6,Квартиры!$K$2:$K$1501,0))&" / ","")&INDEX(Квартиры!$H$2:$H$1501,MATCH($A9*1000+6,Квартиры!$K$2:$K$1501,0))&" СУ"&IF(INDEX(Квартиры!$I$2:$I$1501,MATCH($A9*1000+6,Квартиры!$K$2:$K$1501,0))>0," +У","")&IF(INDEX(Квартиры!$J$2:$J$1501,MATCH($A9*1000+6,Квартиры!$K$2:$K$1501,0))>0," +Г",""),"-")) | I9: =IF($A9="","",IFERROR(IF(Настройки!$B$4="да",INDEX(Квартиры!$D$2:$D$1501,MATCH($A9*1000+7,Квартиры!$K$2:$K$1501,0))&" / ","")&INDEX(Квартиры!$H$2:$H$1501,MATCH($A9*1000+7,Квартиры!$K$2:$K$1501,0))&" СУ"&IF(INDEX(Квартиры!$I$2:$I$1501,MATCH($A9*1000+7,Квартиры!$K$2:$K$1501,0))>0," +У","")&IF(INDEX(Квартиры!$J$2:$J$1501,MATCH($A9*1000+7,Квартиры!$K$2:$K$1501,0))>0," +Г",""),"-")) | J9: =IF($A9="","",IFERROR(IF(Настройки!$B$4="да",INDEX(Квартиры!$D$2:$D$1501,MATCH($A9*1000+8,Квартиры!$K$2:$K$1501,0))&" / ","")&INDEX(Квартиры!$H$2:$H$1501,MATCH($A9*1000+8,Квартиры!$K$2:$K$1501,0))&" СУ"&IF(INDEX(Квартиры!$I$2:$I$1501,MATCH($A9*1000+8,Квартиры!$K$2:$K$1501,0))>0," +У","")&IF(INDEX(Квартиры!$J$2:$J$1501,MATCH($A9*1000+8,Квартиры!$K$2:$K$1501,0))>0," +Г",""),"-")) | K9: =IF($A9="","",IFERROR(IF(Настройки!$B$4="да",INDEX(Квартиры!$D$2:$D$1501,MATCH($A9*1000+9,Квартиры!$K$2:$K$1501,0))&" / ","")&INDEX(Квартиры!$H$2:$H$1501,MATCH($A9*1000+9,Квартиры!$K$2:$K$1501,0))&" СУ"&IF(INDEX(Квартиры!$I$2:$I$1501,MATCH($A9*1000+9,Квартиры!$K$2:$K$1501,0))>0," +У","")&IF(INDEX(Квартиры!$J$2:$J$1501,MATCH($A9*1000+9,Квартиры!$K$2:$K$1501,0))>0," +Г",""),"-")) | L9: =IF($A9="","",IFERROR(IF(Настройки!$B$4="да",INDEX(Квартиры!$D$2:$D$1501,MATCH($A9*1000+10,Квартиры!$K$2:$K$1501,0))&" / ","")&INDEX(Квартиры!$H$2:$H$1501,MATCH($A9*1000+10,Квартиры!$K$2:$K$1501,0))&" СУ"&IF(INDEX(Квартиры!$I$2:$I$1501,MATCH($A9*1000+10,Квартиры!$K$2:$K$1501,0))>0," +У","")&IF(INDEX(Квартиры!$J$2:$J$1501,MATCH($A9*1000+10,Квартиры!$K$2:$K$1501,0))>0," +Г",""),"-")) | M9: =IF($A9="","",IFERROR(IF(Настройки!$B$4="да",INDEX(Квартиры!$D$2:$D$1501,MATCH($A9*1000+11,Квартиры!$K$2:$K$1501,0))&" / ","")&INDEX(Квартиры!$H$2:$H$1501,MATCH($A9*1000+11,Квартиры!$K$2:$K$1501,0))&" СУ"&IF(INDEX(Квартиры!$I$2:$I$1501,MATCH($A9*1000+11,Квартиры!$K$2:$K$1501,0))>0," +У","")&IF(INDEX(Квартиры!$J$2:$J$1501,MATCH($A9*1000+11,Квартиры!$K$2:$K$1501,0))>0," +Г",""),"-")) | N9: =IF($A9="","",IFERROR(IF(Настройки!$B$4="да",INDEX(Квартиры!$D$2:$D$1501,MATCH($A9*1000+12,Квартиры!$K$2:$K$1501,0))&" / ","")&INDEX(Квартиры!$H$2:$H$1501,MATCH($A9*1000+12,Квартиры!$K$2:$K$1501,0))&" СУ"&IF(INDEX(Квартиры!$I$2:$I$1501,MATCH($A9*1000+12,Квартиры!$K$2:$K$1501,0))>0," +У","")&IF(INDEX(Квартиры!$J$2:$J$1501,MATCH($A9*1000+12,Квартиры!$K$2:$K$1501,0))>0," +Г",""),"-")) | O9: =IF($A9="","",IFERROR(IF(Настройки!$B$4="да",INDEX(Квартиры!$D$2:$D$1501,MATCH($A9*1000+13,Квартиры!$K$2:$K$1501,0))&" / ","")&INDEX(Квартиры!$H$2:$H$1501,MATCH($A9*1000+13,Квартиры!$K$2:$K$1501,0))&" СУ"&IF(INDEX(Квартиры!$I$2:$I$1501,MATCH($A9*1000+13,Квартиры!$K$2:$K$1501,0))>0," +У","")&IF(INDEX(Квартиры!$J$2:$J$1501,MATCH($A9*1000+13,Квартиры!$K$2:$K$1501,0))>0," +Г",""),"-")) | P9: =IF($A9="","",IFERROR(IF(Настройки!$B$4="да",INDEX(Квартиры!$D$2:$D$1501,MATCH($A9*1000+14,Квартиры!$K$2:$K$1501,0))&" / ","")&INDEX(Квартиры!$H$2:$H$1501,MATCH($A9*1000+14,Квартиры!$K$2:$K$1501,0))&" СУ"&IF(INDEX(Квартиры!$I$2:$I$1501,MATCH($A9*1000+14,Квартиры!$K$2:$K$1501,0))>0," +У","")&IF(INDEX(Квартиры!$J$2:$J$1501,MATCH($A9*1000+14,Квартиры!$K$2:$K$1501,0))>0," +Г",""),"-")) | Q9: =IF($A9="","",IFERROR(IF(Настройки!$B$4="да",INDEX(Квартиры!$D$2:$D$1501,MATCH($A9*1000+15,Квартиры!$K$2:$K$1501,0))&" / ","")&INDEX(Квартиры!$H$2:$H$1501,MATCH($A9*1000+15,Квартиры!$K$2:$K$1501,0))&" СУ"&IF(INDEX(Квартиры!$I$2:$I$1501,MATCH($A9*1000+15,Квартиры!$K$2:$K$1501,0))>0," +У","")&IF(INDEX(Квартиры!$J$2:$J$1501,MATCH($A9*1000+15,Квартиры!$K$2:$K$1501,0))>0," +Г",""),"-")) | R9: =IF(A9="","",C9&"|"&D9&"|"&E9&"|"&F9&"|"&G9&"|"&H9&"|"&I9&"|"&J9&"|"&K9&"|"&L9&"|"&M9&"|"&N9&"|"&O9&"|"&P9&"|"&Q9) | S9: =IF(A9="","",IFERROR(LOOKUP(2,1/(B$2:B8=B9),S$2:S8)&", ","")&A9) | U9: =IF(7>MAX(B$3:B$82),"",7) | V9: =IF(U9="","",LOOKUP(2,1/(B$3:B$82=U9),S$3:S$82)) | W9: =IF(U9="","",COUNTIF(B$3:B$82,U9))
A10: =IFERROR(IF(A9="","",SMALL(Квартиры!$B$2:$B$1501,COUNTIF(Квартиры!$B$2:$B$1501,"<="&A9)+1)),"") | B10: =IF(A10="","",IF(COUNTIF(R$2:R9,R10)=0,MAX(B$2:B9)+1,INDEX(B$2:B9,MATCH(R10,R$2:R9,0)))) | C10: =IF($A10="","",IFERROR(IF(Настройки!$B$4="да",INDEX(Квартиры!$D$2:$D$1501,MATCH($A10*1000+1,Квартиры!$K$2:$K$1501,0))&" / ","")&INDEX(Квартиры!$H$2:$H$1501,MATCH($A10*1000+1,Квартиры!$K$2:$K$1501,0))&" СУ"&IF(INDEX(Квартиры!$I$2:$I$1501,MATCH($A10*1000+1,Квартиры!$K$2:$K$1501,0))>0," +У","")&IF(INDEX(Квартиры!$J$2:$J$1501,MATCH($A10*1000+1,Квартиры!$K$2:$K$1501,0))>0," +Г",""),"-")) | D10: =IF($A10="","",IFERROR(IF(Настройки!$B$4="да",INDEX(Квартиры!$D$2:$D$1501,MATCH($A10*1000+2,Квартиры!$K$2:$K$1501,0))&" / ","")&INDEX(Квартиры!$H$2:$H$1501,MATCH($A10*1000+2,Квартиры!$K$2:$K$1501,0))&" СУ"&IF(INDEX(Квартиры!$I$2:$I$1501,MATCH($A10*1000+2,Квартиры!$K$2:$K$1501,0))>0," +У","")&IF(INDEX(Квартиры!$J$2:$J$1501,MATCH($A10*1000+2,Квартиры!$K$2:$K$1501,0))>0," +Г",""),"-")) | E10: =IF($A10="","",IFERROR(IF(Настройки!$B$4="да",INDEX(Квартиры!$D$2:$D$1501,MATCH($A10*1000+3,Квартиры!$K$2:$K$1501,0))&" / ","")&INDEX(Квартиры!$H$2:$H$1501,MATCH($A10*1000+3,Квартиры!$K$2:$K$1501,0))&" СУ"&IF(INDEX(Квартиры!$I$2:$I$1501,MATCH($A10*1000+3,Квартиры!$K$2:$K$1501,0))>0," +У","")&IF(INDEX(Квартиры!$J$2:$J$1501,MATCH($A10*1000+3,Квартиры!$K$2:$K$1501,0))>0," +Г",""),"-")) | F10: =IF($A10="","",IFERROR(IF(Настройки!$B$4="да",INDEX(Квартиры!$D$2:$D$1501,MATCH($A10*1000+4,Квартиры!$K$2:$K$1501,0))&" / ","")&INDEX(Квартиры!$H$2:$H$1501,MATCH($A10*1000+4,Квартиры!$K$2:$K$1501,0))&" СУ"&IF(INDEX(Квартиры!$I$2:$I$1501,MATCH($A10*1000+4,Квартиры!$K$2:$K$1501,0))>0," +У","")&IF(INDEX(Квартиры!$J$2:$J$1501,MATCH($A10*1000+4,Квартиры!$K$2:$K$1501,0))>0," +Г",""),"-")) | G10: =IF($A10="","",IFERROR(IF(Настройки!$B$4="да",INDEX(Квартиры!$D$2:$D$1501,MATCH($A10*1000+5,Квартиры!$K$2:$K$1501,0))&" / ","")&INDEX(Квартиры!$H$2:$H$1501,MATCH($A10*1000+5,Квартиры!$K$2:$K$1501,0))&" СУ"&IF(INDEX(Квартиры!$I$2:$I$1501,MATCH($A10*1000+5,Квартиры!$K$2:$K$1501,0))>0," +У","")&IF(INDEX(Квартиры!$J$2:$J$1501,MATCH($A10*1000+5,Квартиры!$K$2:$K$1501,0))>0," +Г",""),"-")) | H10: =IF($A10="","",IFERROR(IF(Настройки!$B$4="да",INDEX(Квартиры!$D$2:$D$1501,MATCH($A10*1000+6,Квартиры!$K$2:$K$1501,0))&" / ","")&INDEX(Квартиры!$H$2:$H$1501,MATCH($A10*1000+6,Квартиры!$K$2:$K$1501,0))&" СУ"&IF(INDEX(Квартиры!$I$2:$I$1501,MATCH($A10*1000+6,Квартиры!$K$2:$K$1501,0))>0," +У","")&IF(INDEX(Квартиры!$J$2:$J$1501,MATCH($A10*1000+6,Квартиры!$K$2:$K$1501,0))>0," +Г",""),"-")) | I10: =IF($A10="","",IFERROR(IF(Настройки!$B$4="да",INDEX(Квартиры!$D$2:$D$1501,MATCH($A10*1000+7,Квартиры!$K$2:$K$1501,0))&" / ","")&INDEX(Квартиры!$H$2:$H$1501,MATCH($A10*1000+7,Квартиры!$K$2:$K$1501,0))&" СУ"&IF(INDEX(Квартиры!$I$2:$I$1501,MATCH($A10*1000+7,Квартиры!$K$2:$K$1501,0))>0," +У","")&IF(INDEX(Квартиры!$J$2:$J$1501,MATCH($A10*1000+7,Квартиры!$K$2:$K$1501,0))>0," +Г",""),"-")) | J10: =IF($A10="","",IFERROR(IF(Настройки!$B$4="да",INDEX(Квартиры!$D$2:$D$1501,MATCH($A10*1000+8,Квартиры!$K$2:$K$1501,0))&" / ","")&INDEX(Квартиры!$H$2:$H$1501,MATCH($A10*1000+8,Квартиры!$K$2:$K$1501,0))&" СУ"&IF(INDEX(Квартиры!$I$2:$I$1501,MATCH($A10*1000+8,Квартиры!$K$2:$K$1501,0))>0," +У","")&IF(INDEX(Квартиры!$J$2:$J$1501,MATCH($A10*1000+8,Квартиры!$K$2:$K$1501,0))>0," +Г",""),"-")) | K10: =IF($A10="","",IFERROR(IF(Настройки!$B$4="да",INDEX(Квартиры!$D$2:$D$1501,MATCH($A10*1000+9,Квартиры!$K$2:$K$1501,0))&" / ","")&INDEX(Квартиры!$H$2:$H$1501,MATCH($A10*1000+9,Квартиры!$K$2:$K$1501,0))&" СУ"&IF(INDEX(Квартиры!$I$2:$I$1501,MATCH($A10*1000+9,Квартиры!$K$2:$K$1501,0))>0," +У","")&IF(INDEX(Квартиры!$J$2:$J$1501,MATCH($A10*1000+9,Квартиры!$K$2:$K$1501,0))>0," +Г",""),"-")) | L10: =IF($A10="","",IFERROR(IF(Настройки!$B$4="да",INDEX(Квартиры!$D$2:$D$1501,MATCH($A10*1000+10,Квартиры!$K$2:$K$1501,0))&" / ","")&INDEX(Квартиры!$H$2:$H$1501,MATCH($A10*1000+10,Квартиры!$K$2:$K$1501,0))&" СУ"&IF(INDEX(Квартиры!$I$2:$I$1501,MATCH($A10*1000+10,Квартиры!$K$2:$K$1501,0))>0," +У","")&IF(INDEX(Квартиры!$J$2:$J$1501,MATCH($A10*1000+10,Квартиры!$K$2:$K$1501,0))>0," +Г",""),"-")) | M10: =IF($A10="","",IFERROR(IF(Настройки!$B$4="да",INDEX(Квартиры!$D$2:$D$1501,MATCH($A10*1000+11,Квартиры!$K$2:$K$1501,0))&" / ","")&INDEX(Квартиры!$H$2:$H$1501,MATCH($A10*1000+11,Квартиры!$K$2:$K$1501,0))&" СУ"&IF(INDEX(Квартиры!$I$2:$I$1501,MATCH($A10*1000+11,Квартиры!$K$2:$K$1501,0))>0," +У","")&IF(INDEX(Квартиры!$J$2:$J$1501,MATCH($A10*1000+11,Квартиры!$K$2:$K$1501,0))>0," +Г",""),"-")) | N10: =IF($A10="","",IFERROR(IF(Настройки!$B$4="да",INDEX(Квартиры!$D$2:$D$1501,MATCH($A10*1000+12,Квартиры!$K$2:$K$1501,0))&" / ","")&INDEX(Квартиры!$H$2:$H$1501,MATCH($A10*1000+12,Квартиры!$K$2:$K$1501,0))&" СУ"&IF(INDEX(Квартиры!$I$2:$I$1501,MATCH($A10*1000+12,Квартиры!$K$2:$K$1501,0))>0," +У","")&IF(INDEX(Квартиры!$J$2:$J$1501,MATCH($A10*1000+12,Квартиры!$K$2:$K$1501,0))>0," +Г",""),"-")) | O10: =IF($A10="","",IFERROR(IF(Настройки!$B$4="да",INDEX(Квартиры!$D$2:$D$1501,MATCH($A10*1000+13,Квартиры!$K$2:$K$1501,0))&" / ","")&INDEX(Квартиры!$H$2:$H$1501,MATCH($A10*1000+13,Квартиры!$K$2:$K$1501,0))&" СУ"&IF(INDEX(Квартиры!$I$2:$I$1501,MATCH($A10*1000+13,Квартиры!$K$2:$K$1501,0))>0," +У","")&IF(INDEX(Квартиры!$J$2:$J$1501,MATCH($A10*1000+13,Квартиры!$K$2:$K$1501,0))>0," +Г",""),"-")) | P10: =IF($A10="","",IFERROR(IF(Настройки!$B$4="да",INDEX(Квартиры!$D$2:$D$1501,MATCH($A10*1000+14,Квартиры!$K$2:$K$1501,0))&" / ","")&INDEX(Квартиры!$H$2:$H$1501,MATCH($A10*1000+14,Квартиры!$K$2:$K$1501,0))&" СУ"&IF(INDEX(Квартиры!$I$2:$I$1501,MATCH($A10*1000+14,Квартиры!$K$2:$K$1501,0))>0," +У","")&IF(INDEX(Квартиры!$J$2:$J$1501,MATCH($A10*1000+14,Квартиры!$K$2:$K$1501,0))>0," +Г",""),"-")) | Q10: =IF($A10="","",IFERROR(IF(Настройки!$B$4="да",INDEX(Квартиры!$D$2:$D$1501,MATCH($A10*1000+15,Квартиры!$K$2:$K$1501,0))&" / ","")&INDEX(Квартиры!$H$2:$H$1501,MATCH($A10*1000+15,Квартиры!$K$2:$K$1501,0))&" СУ"&IF(INDEX(Квартиры!$I$2:$I$1501,MATCH($A10*1000+15,Квартиры!$K$2:$K$1501,0))>0," +У","")&IF(INDEX(Квартиры!$J$2:$J$1501,MATCH($A10*1000+15,Квартиры!$K$2:$K$1501,0))>0," +Г",""),"-")) | R10: =IF(A10="","",C10&"|"&D10&"|"&E10&"|"&F10&"|"&G10&"|"&H10&"|"&I10&"|"&J10&"|"&K10&"|"&L10&"|"&M10&"|"&N10&"|"&O10&"|"&P10&"|"&Q10) | S10: =IF(A10="","",IFERROR(LOOKUP(2,1/(B$2:B9=B10),S$2:S9)&", ","")&A10) | U10: =IF(8>MAX(B$3:B$82),"",8) | V10: =IF(U10="","",LOOKUP(2,1/(B$3:B$82=U10),S$3:S$82)) | W10: =IF(U10="","",COUNTIF(B$3:B$82,U10))
A11: =IFERROR(IF(A10="","",SMALL(Квартиры!$B$2:$B$1501,COUNTIF(Квартиры!$B$2:$B$1501,"<="&A10)+1)),"") | B11: =IF(A11="","",IF(COUNTIF(R$2:R10,R11)=0,MAX(B$2:B10)+1,INDEX(B$2:B10,MATCH(R11,R$2:R10,0)))) | C11: =IF($A11="","",IFERROR(IF(Настройки!$B$4="да",INDEX(Квартиры!$D$2:$D$1501,MATCH($A11*1000+1,Квартиры!$K$2:$K$1501,0))&" / ","")&INDEX(Квартиры!$H$2:$H$1501,MATCH($A11*1000+1,Квартиры!$K$2:$K$1501,0))&" СУ"&IF(INDEX(Квартиры!$I$2:$I$1501,MATCH($A11*1000+1,Квартиры!$K$2:$K$1501,0))>0," +У","")&IF(INDEX(Квартиры!$J$2:$J$1501,MATCH($A11*1000+1,Квартиры!$K$2:$K$1501,0))>0," +Г",""),"-")) | D11: =IF($A11="","",IFERROR(IF(Настройки!$B$4="да",INDEX(Квартиры!$D$2:$D$1501,MATCH($A11*1000+2,Квартиры!$K$2:$K$1501,0))&" / ","")&INDEX(Квартиры!$H$2:$H$1501,MATCH($A11*1000+2,Квартиры!$K$2:$K$1501,0))&" СУ"&IF(INDEX(Квартиры!$I$2:$I$1501,MATCH($A11*1000+2,Квартиры!$K$2:$K$1501,0))>0," +У","")&IF(INDEX(Квартиры!$J$2:$J$1501,MATCH($A11*1000+2,Квартиры!$K$2:$K$1501,0))>0," +Г",""),"-")) | E11: =IF($A11="","",IFERROR(IF(Настройки!$B$4="да",INDEX(Квартиры!$D$2:$D$1501,MATCH($A11*1000+3,Квартиры!$K$2:$K$1501,0))&" / ","")&INDEX(Квартиры!$H$2:$H$1501,MATCH($A11*1000+3,Квартиры!$K$2:$K$1501,0))&" СУ"&IF(INDEX(Квартиры!$I$2:$I$1501,MATCH($A11*1000+3,Квартиры!$K$2:$K$1501,0))>0," +У","")&IF(INDEX(Квартиры!$J$2:$J$1501,MATCH($A11*1000+3,Квартиры!$K$2:$K$1501,0))>0," +Г",""),"-")) | F11: =IF($A11="","",IFERROR(IF(Настройки!$B$4="да",INDEX(Квартиры!$D$2:$D$1501,MATCH($A11*1000+4,Квартиры!$K$2:$K$1501,0))&" / ","")&INDEX(Квартиры!$H$2:$H$1501,MATCH($A11*1000+4,Квартиры!$K$2:$K$1501,0))&" СУ"&IF(INDEX(Квартиры!$I$2:$I$1501,MATCH($A11*1000+4,Квартиры!$K$2:$K$1501,0))>0," +У","")&IF(INDEX(Квартиры!$J$2:$J$1501,MATCH($A11*1000+4,Квартиры!$K$2:$K$1501,0))>0," +Г",""),"-")) | G11: =IF($A11="","",IFERROR(IF(Настройки!$B$4="да",INDEX(Квартиры!$D$2:$D$1501,MATCH($A11*1000+5,Квартиры!$K$2:$K$1501,0))&" / ","")&INDEX(Квартиры!$H$2:$H$1501,MATCH($A11*1000+5,Квартиры!$K$2:$K$1501,0))&" СУ"&IF(INDEX(Квартиры!$I$2:$I$1501,MATCH($A11*1000+5,Квартиры!$K$2:$K$1501,0))>0," +У","")&IF(INDEX(Квартиры!$J$2:$J$1501,MATCH($A11*1000+5,Квартиры!$K$2:$K$1501,0))>0," +Г",""),"-")) | H11: =IF($A11="","",IFERROR(IF(Настройки!$B$4="да",INDEX(Квартиры!$D$2:$D$1501,MATCH($A11*1000+6,Квартиры!$K$2:$K$1501,0))&" / ","")&INDEX(Квартиры!$H$2:$H$1501,MATCH($A11*1000+6,Квартиры!$K$2:$K$1501,0))&" СУ"&IF(INDEX(Квартиры!$I$2:$I$1501,MATCH($A11*1000+6,Квартиры!$K$2:$K$1501,0))>0," +У","")&IF(INDEX(Квартиры!$J$2:$J$1501,MATCH($A11*1000+6,Квартиры!$K$2:$K$1501,0))>0," +Г",""),"-")) | I11: =IF($A11="","",IFERROR(IF(Настройки!$B$4="да",INDEX(Квартиры!$D$2:$D$1501,MATCH($A11*1000+7,Квартиры!$K$2:$K$1501,0))&" / ","")&INDEX(Квартиры!$H$2:$H$1501,MATCH($A11*1000+7,Квартиры!$K$2:$K$1501,0))&" СУ"&IF(INDEX(Квартиры!$I$2:$I$1501,MATCH($A11*1000+7,Квартиры!$K$2:$K$1501,0))>0," +У","")&IF(INDEX(Квартиры!$J$2:$J$1501,MATCH($A11*1000+7,Квартиры!$K$2:$K$1501,0))>0," +Г",""),"-")) | J11: =IF($A11="","",IFERROR(IF(Настройки!$B$4="да",INDEX(Квартиры!$D$2:$D$1501,MATCH($A11*1000+8,Квартиры!$K$2:$K$1501,0))&" / ","")&INDEX(Квартиры!$H$2:$H$1501,MATCH($A11*1000+8,Квартиры!$K$2:$K$1501,0))&" СУ"&IF(INDEX(Квартиры!$I$2:$I$1501,MATCH($A11*1000+8,Квартиры!$K$2:$K$1501,0))>0," +У","")&IF(INDEX(Квартиры!$J$2:$J$1501,MATCH($A11*1000+8,Квартиры!$K$2:$K$1501,0))>0," +Г",""),"-")) | K11: =IF($A11="","",IFERROR(IF(Настройки!$B$4="да",INDEX(Квартиры!$D$2:$D$1501,MATCH($A11*1000+9,Квартиры!$K$2:$K$1501,0))&" / ","")&INDEX(Квартиры!$H$2:$H$1501,MATCH($A11*1000+9,Квартиры!$K$2:$K$1501,0))&" СУ"&IF(INDEX(Квартиры!$I$2:$I$1501,MATCH($A11*1000+9,Квартиры!$K$2:$K$1501,0))>0," +У","")&IF(INDEX(Квартиры!$J$2:$J$1501,MATCH($A11*1000+9,Квартиры!$K$2:$K$1501,0))>0," +Г",""),"-")) | L11: =IF($A11="","",IFERROR(IF(Настройки!$B$4="да",INDEX(Квартиры!$D$2:$D$1501,MATCH($A11*1000+10,Квартиры!$K$2:$K$1501,0))&" / ","")&INDEX(Квартиры!$H$2:$H$1501,MATCH($A11*1000+10,Квартиры!$K$2:$K$1501,0))&" СУ"&IF(INDEX(Квартиры!$I$2:$I$1501,MATCH($A11*1000+10,Квартиры!$K$2:$K$1501,0))>0," +У","")&IF(INDEX(Квартиры!$J$2:$J$1501,MATCH($A11*1000+10,Квартиры!$K$2:$K$1501,0))>0," +Г",""),"-")) | M11: =IF($A11="","",IFERROR(IF(Настройки!$B$4="да",INDEX(Квартиры!$D$2:$D$1501,MATCH($A11*1000+11,Квартиры!$K$2:$K$1501,0))&" / ","")&INDEX(Квартиры!$H$2:$H$1501,MATCH($A11*1000+11,Квартиры!$K$2:$K$1501,0))&" СУ"&IF(INDEX(Квартиры!$I$2:$I$1501,MATCH($A11*1000+11,Квартиры!$K$2:$K$1501,0))>0," +У","")&IF(INDEX(Квартиры!$J$2:$J$1501,MATCH($A11*1000+11,Квартиры!$K$2:$K$1501,0))>0," +Г",""),"-")) | N11: =IF($A11="","",IFERROR(IF(Настройки!$B$4="да",INDEX(Квартиры!$D$2:$D$1501,MATCH($A11*1000+12,Квартиры!$K$2:$K$1501,0))&" / ","")&INDEX(Квартиры!$H$2:$H$1501,MATCH($A11*1000+12,Квартиры!$K$2:$K$1501,0))&" СУ"&IF(INDEX(Квартиры!$I$2:$I$1501,MATCH($A11*1000+12,Квартиры!$K$2:$K$1501,0))>0," +У","")&IF(INDEX(Квартиры!$J$2:$J$1501,MATCH($A11*1000+12,Квартиры!$K$2:$K$1501,0))>0," +Г",""),"-")) | O11: =IF($A11="","",IFERROR(IF(Настройки!$B$4="да",INDEX(Квартиры!$D$2:$D$1501,MATCH($A11*1000+13,Квартиры!$K$2:$K$1501,0))&" / ","")&INDEX(Квартиры!$H$2:$H$1501,MATCH($A11*1000+13,Квартиры!$K$2:$K$1501,0))&" СУ"&IF(INDEX(Квартиры!$I$2:$I$1501,MATCH($A11*1000+13,Квартиры!$K$2:$K$1501,0))>0," +У","")&IF(INDEX(Квартиры!$J$2:$J$1501,MATCH($A11*1000+13,Квартиры!$K$2:$K$1501,0))>0," +Г",""),"-")) | P11: =IF($A11="","",IFERROR(IF(Настройки!$B$4="да",INDEX(Квартиры!$D$2:$D$1501,MATCH($A11*1000+14,Квартиры!$K$2:$K$1501,0))&" / ","")&INDEX(Квартиры!$H$2:$H$1501,MATCH($A11*1000+14,Квартиры!$K$2:$K$1501,0))&" СУ"&IF(INDEX(Квартиры!$I$2:$I$1501,MATCH($A11*1000+14,Квартиры!$K$2:$K$1501,0))>0," +У","")&IF(INDEX(Квартиры!$J$2:$J$1501,MATCH($A11*1000+14,Квартиры!$K$2:$K$1501,0))>0," +Г",""),"-")) | Q11: =IF($A11="","",IFERROR(IF(Настройки!$B$4="да",INDEX(Квартиры!$D$2:$D$1501,MATCH($A11*1000+15,Квартиры!$K$2:$K$1501,0))&" / ","")&INDEX(Квартиры!$H$2:$H$1501,MATCH($A11*1000+15,Квартиры!$K$2:$K$1501,0))&" СУ"&IF(INDEX(Квартиры!$I$2:$I$1501,MATCH($A11*1000+15,Квартиры!$K$2:$K$1501,0))>0," +У","")&IF(INDEX(Квартиры!$J$2:$J$1501,MATCH($A11*1000+15,Квартиры!$K$2:$K$1501,0))>0," +Г",""),"-")) | R11: =IF(A11="","",C11&"|"&D11&"|"&E11&"|"&F11&"|"&G11&"|"&H11&"|"&I11&"|"&J11&"|"&K11&"|"&L11&"|"&M11&"|"&N11&"|"&O11&"|"&P11&"|"&Q11) | S11: =IF(A11="","",IFERROR(LOOKUP(2,1/(B$2:B10=B11),S$2:S10)&", ","")&A11) | U11: =IF(9>MAX(B$3:B$82),"",9) | V11: =IF(U11="","",LOOKUP(2,1/(B$3:B$82=U11),S$3:S$82)) | W11: =IF(U11="","",COUNTIF(B$3:B$82,U11))
A12: =IFERROR(IF(A11="","",SMALL(Квартиры!$B$2:$B$1501,COUNTIF(Квартиры!$B$2:$B$1501,"<="&A11)+1)),"") | B12: =IF(A12="","",IF(COUNTIF(R$2:R11,R12)=0,MAX(B$2:B11)+1,INDEX(B$2:B11,MATCH(R12,R$2:R11,0)))) | C12: =IF($A12="","",IFERROR(IF(Настройки!$B$4="да",INDEX(Квартиры!$D$2:$D$1501,MATCH($A12*1000+1,Квартиры!$K$2:$K$1501,0))&" / ","")&INDEX(Квартиры!$H$2:$H$1501,MATCH($A12*1000+1,Квартиры!$K$2:$K$1501,0))&" СУ"&IF(INDEX(Квартиры!$I$2:$I$1501,MATCH($A12*1000+1,Квартиры!$K$2:$K$1501,0))>0," +У","")&IF(INDEX(Квартиры!$J$2:$J$1501,MATCH($A12*1000+1,Квартиры!$K$2:$K$1501,0))>0," +Г",""),"-")) | D12: =IF($A12="","",IFERROR(IF(Настройки!$B$4="да",INDEX(Квартиры!$D$2:$D$1501,MATCH($A12*1000+2,Квартиры!$K$2:$K$1501,0))&" / ","")&INDEX(Квартиры!$H$2:$H$1501,MATCH($A12*1000+2,Квартиры!$K$2:$K$1501,0))&" СУ"&IF(INDEX(Квартиры!$I$2:$I$1501,MATCH($A12*1000+2,Квартиры!$K$2:$K$1501,0))>0," +У","")&IF(INDEX(Квартиры!$J$2:$J$1501,MATCH($A12*1000+2,Квартиры!$K$2:$K$1501,0))>0," +Г",""),"-")) | E12: =IF($A12="","",IFERROR(IF(Настройки!$B$4="да",INDEX(Квартиры!$D$2:$D$1501,MATCH($A12*1000+3,Квартиры!$K$2:$K$1501,0))&" / ","")&INDEX(Квартиры!$H$2:$H$1501,MATCH($A12*1000+3,Квартиры!$K$2:$K$1501,0))&" СУ"&IF(INDEX(Квартиры!$I$2:$I$1501,MATCH($A12*1000+3,Квартиры!$K$2:$K$1501,0))>0," +У","")&IF(INDEX(Квартиры!$J$2:$J$1501,MATCH($A12*1000+3,Квартиры!$K$2:$K$1501,0))>0," +Г",""),"-")) | F12: =IF($A12="","",IFERROR(IF(Настройки!$B$4="да",INDEX(Квартиры!$D$2:$D$1501,MATCH($A12*1000+4,Квартиры!$K$2:$K$1501,0))&" / ","")&INDEX(Квартиры!$H$2:$H$1501,MATCH($A12*1000+4,Квартиры!$K$2:$K$1501,0))&" СУ"&IF(INDEX(Квартиры!$I$2:$I$1501,MATCH($A12*1000+4,Квартиры!$K$2:$K$1501,0))>0," +У","")&IF(INDEX(Квартиры!$J$2:$J$1501,MATCH($A12*1000+4,Квартиры!$K$2:$K$1501,0))>0," +Г",""),"-")) | G12: =IF($A12="","",IFERROR(IF(Настройки!$B$4="да",INDEX(Квартиры!$D$2:$D$1501,MATCH($A12*1000+5,Квартиры!$K$2:$K$1501,0))&" / ","")&INDEX(Квартиры!$H$2:$H$1501,MATCH($A12*1000+5,Квартиры!$K$2:$K$1501,0))&" СУ"&IF(INDEX(Квартиры!$I$2:$I$1501,MATCH($A12*1000+5,Квартиры!$K$2:$K$1501,0))>0," +У","")&IF(INDEX(Квартиры!$J$2:$J$1501,MATCH($A12*1000+5,Квартиры!$K$2:$K$1501,0))>0," +Г",""),"-")) | H12: =IF($A12="","",IFERROR(IF(Настройки!$B$4="да",INDEX(Квартиры!$D$2:$D$1501,MATCH($A12*1000+6,Квартиры!$K$2:$K$1501,0))&" / ","")&INDEX(Квартиры!$H$2:$H$1501,MATCH($A12*1000+6,Квартиры!$K$2:$K$1501,0))&" СУ"&IF(INDEX(Квартиры!$I$2:$I$1501,MATCH($A12*1000+6,Квартиры!$K$2:$K$1501,0))>0," +У","")&IF(INDEX(Квартиры!$J$2:$J$1501,MATCH($A12*1000+6,Квартиры!$K$2:$K$1501,0))>0," +Г",""),"-")) | I12: =IF($A12="","",IFERROR(IF(Настройки!$B$4="да",INDEX(Квартиры!$D$2:$D$1501,MATCH($A12*1000+7,Квартиры!$K$2:$K$1501,0))&" / ","")&INDEX(Квартиры!$H$2:$H$1501,MATCH($A12*1000+7,Квартиры!$K$2:$K$1501,0))&" СУ"&IF(INDEX(Квартиры!$I$2:$I$1501,MATCH($A12*1000+7,Квартиры!$K$2:$K$1501,0))>0," +У","")&IF(INDEX(Квартиры!$J$2:$J$1501,MATCH($A12*1000+7,Квартиры!$K$2:$K$1501,0))>0," +Г",""),"-")) | J12: =IF($A12="","",IFERROR(IF(Настройки!$B$4="да",INDEX(Квартиры!$D$2:$D$1501,MATCH($A12*1000+8,Квартиры!$K$2:$K$1501,0))&" / ","")&INDEX(Квартиры!$H$2:$H$1501,MATCH($A12*1000+8,Квартиры!$K$2:$K$1501,0))&" СУ"&IF(INDEX(Квартиры!$I$2:$I$1501,MATCH($A12*1000+8,Квартиры!$K$2:$K$1501,0))>0," +У","")&IF(INDEX(Квартиры!$J$2:$J$1501,MATCH($A12*1000+8,Квартиры!$K$2:$K$1501,0))>0," +Г",""),"-")) | K12: =IF($A12="","",IFERROR(IF(Настройки!$B$4="да",INDEX(Квартиры!$D$2:$D$1501,MATCH($A12*1000+9,Квартиры!$K$2:$K$1501,0))&" / ","")&INDEX(Квартиры!$H$2:$H$1501,MATCH($A12*1000+9,Квартиры!$K$2:$K$1501,0))&" СУ"&IF(INDEX(Квартиры!$I$2:$I$1501,MATCH($A12*1000+9,Квартиры!$K$2:$K$1501,0))>0," +У","")&IF(INDEX(Квартиры!$J$2:$J$1501,MATCH($A12*1000+9,Квартиры!$K$2:$K$1501,0))>0," +Г",""),"-")) | L12: =IF($A12="","",IFERROR(IF(Настройки!$B$4="да",INDEX(Квартиры!$D$2:$D$1501,MATCH($A12*1000+10,Квартиры!$K$2:$K$1501,0))&" / ","")&INDEX(Квартиры!$H$2:$H$1501,MATCH($A12*1000+10,Квартиры!$K$2:$K$1501,0))&" СУ"&IF(INDEX(Квартиры!$I$2:$I$1501,MATCH($A12*1000+10,Квартиры!$K$2:$K$1501,0))>0," +У","")&IF(INDEX(Квартиры!$J$2:$J$1501,MATCH($A12*1000+10,Квартиры!$K$2:$K$1501,0))>0," +Г",""),"-")) | M12: =IF($A12="","",IFERROR(IF(Настройки!$B$4="да",INDEX(Квартиры!$D$2:$D$1501,MATCH($A12*1000+11,Квартиры!$K$2:$K$1501,0))&" / ","")&INDEX(Квартиры!$H$2:$H$1501,MATCH($A12*1000+11,Квартиры!$K$2:$K$1501,0))&" СУ"&IF(INDEX(Квартиры!$I$2:$I$1501,MATCH($A12*1000+11,Квартиры!$K$2:$K$1501,0))>0," +У","")&IF(INDEX(Квартиры!$J$2:$J$1501,MATCH($A12*1000+11,Квартиры!$K$2:$K$1501,0))>0," +Г",""),"-")) | N12: =IF($A12="","",IFERROR(IF(Настройки!$B$4="да",INDEX(Квартиры!$D$2:$D$1501,MATCH($A12*1000+12,Квартиры!$K$2:$K$1501,0))&" / ","")&INDEX(Квартиры!$H$2:$H$1501,MATCH($A12*1000+12,Квартиры!$K$2:$K$1501,0))&" СУ"&IF(INDEX(Квартиры!$I$2:$I$1501,MATCH($A12*1000+12,Квартиры!$K$2:$K$1501,0))>0," +У","")&IF(INDEX(Квартиры!$J$2:$J$1501,MATCH($A12*1000+12,Квартиры!$K$2:$K$1501,0))>0," +Г",""),"-")) | O12: =IF($A12="","",IFERROR(IF(Настройки!$B$4="да",INDEX(Квартиры!$D$2:$D$1501,MATCH($A12*1000+13,Квартиры!$K$2:$K$1501,0))&" / ","")&INDEX(Квартиры!$H$2:$H$1501,MATCH($A12*1000+13,Квартиры!$K$2:$K$1501,0))&" СУ"&IF(INDEX(Квартиры!$I$2:$I$1501,MATCH($A12*1000+13,Квартиры!$K$2:$K$1501,0))>0," +У","")&IF(INDEX(Квартиры!$J$2:$J$1501,MATCH($A12*1000+13,Квартиры!$K$2:$K$1501,0))>0," +Г",""),"-")) | P12: =IF($A12="","",IFERROR(IF(Настройки!$B$4="да",INDEX(Квартиры!$D$2:$D$1501,MATCH($A12*1000+14,Квартиры!$K$2:$K$1501,0))&" / ","")&INDEX(Квартиры!$H$2:$H$1501,MATCH($A12*1000+14,Квартиры!$K$2:$K$1501,0))&" СУ"&IF(INDEX(Квартиры!$I$2:$I$1501,MATCH($A12*1000+14,Квартиры!$K$2:$K$1501,0))>0," +У","")&IF(INDEX(Квартиры!$J$2:$J$1501,MATCH($A12*1000+14,Квартиры!$K$2:$K$1501,0))>0," +Г",""),"-")) | Q12: =IF($A12="","",IFERROR(IF(Настройки!$B$4="да",INDEX(Квартиры!$D$2:$D$1501,MATCH($A12*1000+15,Квартиры!$K$2:$K$1501,0))&" / ","")&INDEX(Квартиры!$H$2:$H$1501,MATCH($A12*1000+15,Квартиры!$K$2:$K$1501,0))&" СУ"&IF(INDEX(Квартиры!$I$2:$I$1501,MATCH($A12*1000+15,Квартиры!$K$2:$K$1501,0))>0," +У","")&IF(INDEX(Квартиры!$J$2:$J$1501,MATCH($A12*1000+15,Квартиры!$K$2:$K$1501,0))>0," +Г",""),"-")) | R12: =IF(A12="","",C12&"|"&D12&"|"&E12&"|"&F12&"|"&G12&"|"&H12&"|"&I12&"|"&J12&"|"&K12&"|"&L12&"|"&M12&"|"&N12&"|"&O12&"|"&P12&"|"&Q12) | S12: =IF(A12="","",IFERROR(LOOKUP(2,1/(B$2:B11=B12),S$2:S11)&", ","")&A12) | U12: =IF(10>MAX(B$3:B$82),"",10) | V12: =IF(U12="","",LOOKUP(2,1/(B$3:B$82=U12),S$3:S$82)) | W12: =IF(U12="","",COUNTIF(B$3:B$82,U12))
A13: =IFERROR(IF(A12="","",SMALL(Квартиры!$B$2:$B$1501,COUNTIF(Квартиры!$B$2:$B$1501,"<="&A12)+1)),"") | B13: =IF(A13="","",IF(COUNTIF(R$2:R12,R13)=0,MAX(B$2:B12)+1,INDEX(B$2:B12,MATCH(R13,R$2:R12,0)))) | C13: =IF($A13="","",IFERROR(IF(Настройки!$B$4="да",INDEX(Квартиры!$D$2:$D$1501,MATCH($A13*1000+1,Квартиры!$K$2:$K$1501,0))&" / ","")&INDEX(Квартиры!$H$2:$H$1501,MATCH($A13*1000+1,Квартиры!$K$2:$K$1501,0))&" СУ"&IF(INDEX(Квартиры!$I$2:$I$1501,MATCH($A13*1000+1,Квартиры!$K$2:$K$1501,0))>0," +У","")&IF(INDEX(Квартиры!$J$2:$J$1501,MATCH($A13*1000+1,Квартиры!$K$2:$K$1501,0))>0," +Г",""),"-")) | D13: =IF($A13="","",IFERROR(IF(Настройки!$B$4="да",INDEX(Квартиры!$D$2:$D$1501,MATCH($A13*1000+2,Квартиры!$K$2:$K$1501,0))&" / ","")&INDEX(Квартиры!$H$2:$H$1501,MATCH($A13*1000+2,Квартиры!$K$2:$K$1501,0))&" СУ"&IF(INDEX(Квартиры!$I$2:$I$1501,MATCH($A13*1000+2,Квартиры!$K$2:$K$1501,0))>0," +У","")&IF(INDEX(Квартиры!$J$2:$J$1501,MATCH($A13*1000+2,Квартиры!$K$2:$K$1501,0))>0," +Г",""),"-")) | E13: =IF($A13="","",IFERROR(IF(Настройки!$B$4="да",INDEX(Квартиры!$D$2:$D$1501,MATCH($A13*1000+3,Квартиры!$K$2:$K$1501,0))&" / ","")&INDEX(Квартиры!$H$2:$H$1501,MATCH($A13*1000+3,Квартиры!$K$2:$K$1501,0))&" СУ"&IF(INDEX(Квартиры!$I$2:$I$1501,MATCH($A13*1000+3,Квартиры!$K$2:$K$1501,0))>0," +У","")&IF(INDEX(Квартиры!$J$2:$J$1501,MATCH($A13*1000+3,Квартиры!$K$2:$K$1501,0))>0," +Г",""),"-")) | F13: =IF($A13="","",IFERROR(IF(Настройки!$B$4="да",INDEX(Квартиры!$D$2:$D$1501,MATCH($A13*1000+4,Квартиры!$K$2:$K$1501,0))&" / ","")&INDEX(Квартиры!$H$2:$H$1501,MATCH($A13*1000+4,Квартиры!$K$2:$K$1501,0))&" СУ"&IF(INDEX(Квартиры!$I$2:$I$1501,MATCH($A13*1000+4,Квартиры!$K$2:$K$1501,0))>0," +У","")&IF(INDEX(Квартиры!$J$2:$J$1501,MATCH($A13*1000+4,Квартиры!$K$2:$K$1501,0))>0," +Г",""),"-")) | G13: =IF($A13="","",IFERROR(IF(Настройки!$B$4="да",INDEX(Квартиры!$D$2:$D$1501,MATCH($A13*1000+5,Квартиры!$K$2:$K$1501,0))&" / ","")&INDEX(Квартиры!$H$2:$H$1501,MATCH($A13*1000+5,Квартиры!$K$2:$K$1501,0))&" СУ"&IF(INDEX(Квартиры!$I$2:$I$1501,MATCH($A13*1000+5,Квартиры!$K$2:$K$1501,0))>0," +У","")&IF(INDEX(Квартиры!$J$2:$J$1501,MATCH($A13*1000+5,Квартиры!$K$2:$K$1501,0))>0," +Г",""),"-")) | H13: =IF($A13="","",IFERROR(IF(Настройки!$B$4="да",INDEX(Квартиры!$D$2:$D$1501,MATCH($A13*1000+6,Квартиры!$K$2:$K$1501,0))&" / ","")&INDEX(Квартиры!$H$2:$H$1501,MATCH($A13*1000+6,Квартиры!$K$2:$K$1501,0))&" СУ"&IF(INDEX(Квартиры!$I$2:$I$1501,MATCH($A13*1000+6,Квартиры!$K$2:$K$1501,0))>0," +У","")&IF(INDEX(Квартиры!$J$2:$J$1501,MATCH($A13*1000+6,Квартиры!$K$2:$K$1501,0))>0," +Г",""),"-")) | I13: =IF($A13="","",IFERROR(IF(Настройки!$B$4="да",INDEX(Квартиры!$D$2:$D$1501,MATCH($A13*1000+7,Квартиры!$K$2:$K$1501,0))&" / ","")&INDEX(Квартиры!$H$2:$H$1501,MATCH($A13*1000+7,Квартиры!$K$2:$K$1501,0))&" СУ"&IF(INDEX(Квартиры!$I$2:$I$1501,MATCH($A13*1000+7,Квартиры!$K$2:$K$1501,0))>0," +У","")&IF(INDEX(Квартиры!$J$2:$J$1501,MATCH($A13*1000+7,Квартиры!$K$2:$K$1501,0))>0," +Г",""),"-")) | J13: =IF($A13="","",IFERROR(IF(Настройки!$B$4="да",INDEX(Квартиры!$D$2:$D$1501,MATCH($A13*1000+8,Квартиры!$K$2:$K$1501,0))&" / ","")&INDEX(Квартиры!$H$2:$H$1501,MATCH($A13*1000+8,Квартиры!$K$2:$K$1501,0))&" СУ"&IF(INDEX(Квартиры!$I$2:$I$1501,MATCH($A13*1000+8,Квартиры!$K$2:$K$1501,0))>0," +У","")&IF(INDEX(Квартиры!$J$2:$J$1501,MATCH($A13*1000+8,Квартиры!$K$2:$K$1501,0))>0," +Г",""),"-")) | K13: =IF($A13="","",IFERROR(IF(Настройки!$B$4="да",INDEX(Квартиры!$D$2:$D$1501,MATCH($A13*1000+9,Квартиры!$K$2:$K$1501,0))&" / ","")&INDEX(Квартиры!$H$2:$H$1501,MATCH($A13*1000+9,Квартиры!$K$2:$K$1501,0))&" СУ"&IF(INDEX(Квартиры!$I$2:$I$1501,MATCH($A13*1000+9,Квартиры!$K$2:$K$1501,0))>0," +У","")&IF(INDEX(Квартиры!$J$2:$J$1501,MATCH($A13*1000+9,Квартиры!$K$2:$K$1501,0))>0," +Г",""),"-")) | L13: =IF($A13="","",IFERROR(IF(Настройки!$B$4="да",INDEX(Квартиры!$D$2:$D$1501,MATCH($A13*1000+10,Квартиры!$K$2:$K$1501,0))&" / ","")&INDEX(Квартиры!$H$2:$H$1501,MATCH($A13*1000+10,Квартиры!$K$2:$K$1501,0))&" СУ"&IF(INDEX(Квартиры!$I$2:$I$1501,MATCH($A13*1000+10,Квартиры!$K$2:$K$1501,0))>0," +У","")&IF(INDEX(Квартиры!$J$2:$J$1501,MATCH($A13*1000+10,Квартиры!$K$2:$K$1501,0))>0," +Г",""),"-")) | M13: =IF($A13="","",IFERROR(IF(Настройки!$B$4="да",INDEX(Квартиры!$D$2:$D$1501,MATCH($A13*1000+11,Квартиры!$K$2:$K$1501,0))&" / ","")&INDEX(Квартиры!$H$2:$H$1501,MATCH($A13*1000+11,Квартиры!$K$2:$K$1501,0))&" СУ"&IF(INDEX(Квартиры!$I$2:$I$1501,MATCH($A13*1000+11,Квартиры!$K$2:$K$1501,0))>0," +У","")&IF(INDEX(Квартиры!$J$2:$J$1501,MATCH($A13*1000+11,Квартиры!$K$2:$K$1501,0))>0," +Г",""),"-")) | N13: =IF($A13="","",IFERROR(IF(Настройки!$B$4="да",INDEX(Квартиры!$D$2:$D$1501,MATCH($A13*1000+12,Квартиры!$K$2:$K$1501,0))&" / ","")&INDEX(Квартиры!$H$2:$H$1501,MATCH($A13*1000+12,Квартиры!$K$2:$K$1501,0))&" СУ"&IF(INDEX(Квартиры!$I$2:$I$1501,MATCH($A13*1000+12,Квартиры!$K$2:$K$1501,0))>0," +У","")&IF(INDEX(Квартиры!$J$2:$J$1501,MATCH($A13*1000+12,Квартиры!$K$2:$K$1501,0))>0," +Г",""),"-")) | O13: =IF($A13="","",IFERROR(IF(Настройки!$B$4="да",INDEX(Квартиры!$D$2:$D$1501,MATCH($A13*1000+13,Квартиры!$K$2:$K$1501,0))&" / ","")&INDEX(Квартиры!$H$2:$H$1501,MATCH($A13*1000+13,Квартиры!$K$2:$K$1501,0))&" СУ"&IF(INDEX(Квартиры!$I$2:$I$1501,MATCH($A13*1000+13,Квартиры!$K$2:$K$1501,0))>0," +У","")&IF(INDEX(Квартиры!$J$2:$J$1501,MATCH($A13*1000+13,Квартиры!$K$2:$K$1501,0))>0," +Г",""),"-")) | P13: =IF($A13="","",IFERROR(IF(Настройки!$B$4="да",INDEX(Квартиры!$D$2:$D$1501,MATCH($A13*1000+14,Квартиры!$K$2:$K$1501,0))&" / ","")&INDEX(Квартиры!$H$2:$H$1501,MATCH($A13*1000+14,Квартиры!$K$2:$K$1501,0))&" СУ"&IF(INDEX(Квартиры!$I$2:$I$1501,MATCH($A13*1000+14,Квартиры!$K$2:$K$1501,0))>0," +У","")&IF(INDEX(Квартиры!$J$2:$J$1501,MATCH($A13*1000+14,Квартиры!$K$2:$K$1501,0))>0," +Г",""),"-")) | Q13: =IF($A13="","",IFERROR(IF(Настройки!$B$4="да",INDEX(Квартиры!$D$2:$D$1501,MATCH($A13*1000+15,Квартиры!$K$2:$K$1501,0))&" / ","")&INDEX(Квартиры!$H$2:$H$1501,MATCH($A13*1000+15,Квартиры!$K$2:$K$1501,0))&" СУ"&IF(INDEX(Квартиры!$I$2:$I$1501,MATCH($A13*1000+15,Квартиры!$K$2:$K$1501,0))>0," +У","")&IF(INDEX(Квартиры!$J$2:$J$1501,MATCH($A13*1000+15,Квартиры!$K$2:$K$1501,0))>0," +Г",""),"-")) | R13: =IF(A13="","",C13&"|"&D13&"|"&E13&"|"&F13&"|"&G13&"|"&H13&"|"&I13&"|"&J13&"|"&K13&"|"&L13&"|"&M13&"|"&N13&"|"&O13&"|"&P13&"|"&Q13) | S13: =IF(A13="","",IFERROR(LOOKUP(2,1/(B$2:B12=B13),S$2:S12)&", ","")&A13) | U13: =IF(11>MAX(B$3:B$82),"",11) | V13: =IF(U13="","",LOOKUP(2,1/(B$3:B$82=U13),S$3:S$82)) | W13: =IF(U13="","",COUNTIF(B$3:B$82,U13))
A14: =IFERROR(IF(A13="","",SMALL(Квартиры!$B$2:$B$1501,COUNTIF(Квартиры!$B$2:$B$1501,"<="&A13)+1)),"") | B14: =IF(A14="","",IF(COUNTIF(R$2:R13,R14)=0,MAX(B$2:B13)+1,INDEX(B$2:B13,MATCH(R14,R$2:R13,0)))) | C14: =IF($A14="","",IFERROR(IF(Настройки!$B$4="да",INDEX(Квартиры!$D$2:$D$1501,MATCH($A14*1000+1,Квартиры!$K$2:$K$1501,0))&" / ","")&INDEX(Квартиры!$H$2:$H$1501,MATCH($A14*1000+1,Квартиры!$K$2:$K$1501,0))&" СУ"&IF(INDEX(Квартиры!$I$2:$I$1501,MATCH($A14*1000+1,Квартиры!$K$2:$K$1501,0))>0," +У","")&IF(INDEX(Квартиры!$J$2:$J$1501,MATCH($A14*1000+1,Квартиры!$K$2:$K$1501,0))>0," +Г",""),"-")) | D14: =IF($A14="","",IFERROR(IF(Настройки!$B$4="да",INDEX(Квартиры!$D$2:$D$1501,MATCH($A14*1000+2,Квартиры!$K$2:$K$1501,0))&" / ","")&INDEX(Квартиры!$H$2:$H$1501,MATCH($A14*1000+2,Квартиры!$K$2:$K$1501,0))&" СУ"&IF(INDEX(Квартиры!$I$2:$I$1501,MATCH($A14*1000+2,Квартиры!$K$2:$K$1501,0))>0," +У","")&IF(INDEX(Квартиры!$J$2:$J$1501,MATCH($A14*1000+2,Квартиры!$K$2:$K$1501,0))>0," +Г",""),"-")) | E14: =IF($A14="","",IFERROR(IF(Настройки!$B$4="да",INDEX(Квартиры!$D$2:$D$1501,MATCH($A14*1000+3,Квартиры!$K$2:$K$1501,0))&" / ","")&INDEX(Квартиры!$H$2:$H$1501,MATCH($A14*1000+3,Квартиры!$K$2:$K$1501,0))&" СУ"&IF(INDEX(Квартиры!$I$2:$I$1501,MATCH($A14*1000+3,Квартиры!$K$2:$K$1501,0))>0," +У","")&IF(INDEX(Квартиры!$J$2:$J$1501,MATCH($A14*1000+3,Квартиры!$K$2:$K$1501,0))>0," +Г",""),"-")) | F14: =IF($A14="","",IFERROR(IF(Настройки!$B$4="да",INDEX(Квартиры!$D$2:$D$1501,MATCH($A14*1000+4,Квартиры!$K$2:$K$1501,0))&" / ","")&INDEX(Квартиры!$H$2:$H$1501,MATCH($A14*1000+4,Квартиры!$K$2:$K$1501,0))&" СУ"&IF(INDEX(Квартиры!$I$2:$I$1501,MATCH($A14*1000+4,Квартиры!$K$2:$K$1501,0))>0," +У","")&IF(INDEX(Квартиры!$J$2:$J$1501,MATCH($A14*1000+4,Квартиры!$K$2:$K$1501,0))>0," +Г",""),"-")) | G14: =IF($A14="","",IFERROR(IF(Настройки!$B$4="да",INDEX(Квартиры!$D$2:$D$1501,MATCH($A14*1000+5,Квартиры!$K$2:$K$1501,0))&" / ","")&INDEX(Квартиры!$H$2:$H$1501,MATCH($A14*1000+5,Квартиры!$K$2:$K$1501,0))&" СУ"&IF(INDEX(Квартиры!$I$2:$I$1501,MATCH($A14*1000+5,Квартиры!$K$2:$K$1501,0))>0," +У","")&IF(INDEX(Квартиры!$J$2:$J$1501,MATCH($A14*1000+5,Квартиры!$K$2:$K$1501,0))>0," +Г",""),"-")) | H14: =IF($A14="","",IFERROR(IF(Настройки!$B$4="да",INDEX(Квартиры!$D$2:$D$1501,MATCH($A14*1000+6,Квартиры!$K$2:$K$1501,0))&" / ","")&INDEX(Квартиры!$H$2:$H$1501,MATCH($A14*1000+6,Квартиры!$K$2:$K$1501,0))&" СУ"&IF(INDEX(Квартиры!$I$2:$I$1501,MATCH($A14*1000+6,Квартиры!$K$2:$K$1501,0))>0," +У","")&IF(INDEX(Квартиры!$J$2:$J$1501,MATCH($A14*1000+6,Квартиры!$K$2:$K$1501,0))>0," +Г",""),"-")) | I14: =IF($A14="","",IFERROR(IF(Настройки!$B$4="да",INDEX(Квартиры!$D$2:$D$1501,MATCH($A14*1000+7,Квартиры!$K$2:$K$1501,0))&" / ","")&INDEX(Квартиры!$H$2:$H$1501,MATCH($A14*1000+7,Квартиры!$K$2:$K$1501,0))&" СУ"&IF(INDEX(Квартиры!$I$2:$I$1501,MATCH($A14*1000+7,Квартиры!$K$2:$K$1501,0))>0," +У","")&IF(INDEX(Квартиры!$J$2:$J$1501,MATCH($A14*1000+7,Квартиры!$K$2:$K$1501,0))>0," +Г",""),"-")) | J14: =IF($A14="","",IFERROR(IF(Настройки!$B$4="да",INDEX(Квартиры!$D$2:$D$1501,MATCH($A14*1000+8,Квартиры!$K$2:$K$1501,0))&" / ","")&INDEX(Квартиры!$H$2:$H$1501,MATCH($A14*1000+8,Квартиры!$K$2:$K$1501,0))&" СУ"&IF(INDEX(Квартиры!$I$2:$I$1501,MATCH($A14*1000+8,Квартиры!$K$2:$K$1501,0))>0," +У","")&IF(INDEX(Квартиры!$J$2:$J$1501,MATCH($A14*1000+8,Квартиры!$K$2:$K$1501,0))>0," +Г",""),"-")) | K14: =IF($A14="","",IFERROR(IF(Настройки!$B$4="да",INDEX(Квартиры!$D$2:$D$1501,MATCH($A14*1000+9,Квартиры!$K$2:$K$1501,0))&" / ","")&INDEX(Квартиры!$H$2:$H$1501,MATCH($A14*1000+9,Квартиры!$K$2:$K$1501,0))&" СУ"&IF(INDEX(Квартиры!$I$2:$I$1501,MATCH($A14*1000+9,Квартиры!$K$2:$K$1501,0))>0," +У","")&IF(INDEX(Квартиры!$J$2:$J$1501,MATCH($A14*1000+9,Квартиры!$K$2:$K$1501,0))>0," +Г",""),"-")) | L14: =IF($A14="","",IFERROR(IF(Настройки!$B$4="да",INDEX(Квартиры!$D$2:$D$1501,MATCH($A14*1000+10,Квартиры!$K$2:$K$1501,0))&" / ","")&INDEX(Квартиры!$H$2:$H$1501,MATCH($A14*1000+10,Квартиры!$K$2:$K$1501,0))&" СУ"&IF(INDEX(Квартиры!$I$2:$I$1501,MATCH($A14*1000+10,Квартиры!$K$2:$K$1501,0))>0," +У","")&IF(INDEX(Квартиры!$J$2:$J$1501,MATCH($A14*1000+10,Квартиры!$K$2:$K$1501,0))>0," +Г",""),"-")) | M14: =IF($A14="","",IFERROR(IF(Настройки!$B$4="да",INDEX(Квартиры!$D$2:$D$1501,MATCH($A14*1000+11,Квартиры!$K$2:$K$1501,0))&" / ","")&INDEX(Квартиры!$H$2:$H$1501,MATCH($A14*1000+11,Квартиры!$K$2:$K$1501,0))&" СУ"&IF(INDEX(Квартиры!$I$2:$I$1501,MATCH($A14*1000+11,Квартиры!$K$2:$K$1501,0))>0," +У","")&IF(INDEX(Квартиры!$J$2:$J$1501,MATCH($A14*1000+11,Квартиры!$K$2:$K$1501,0))>0," +Г",""),"-")) | N14: =IF($A14="","",IFERROR(IF(Настройки!$B$4="да",INDEX(Квартиры!$D$2:$D$1501,MATCH($A14*1000+12,Квартиры!$K$2:$K$1501,0))&" / ","")&INDEX(Квартиры!$H$2:$H$1501,MATCH($A14*1000+12,Квартиры!$K$2:$K$1501,0))&" СУ"&IF(INDEX(Квартиры!$I$2:$I$1501,MATCH($A14*1000+12,Квартиры!$K$2:$K$1501,0))>0," +У","")&IF(INDEX(Квартиры!$J$2:$J$1501,MATCH($A14*1000+12,Квартиры!$K$2:$K$1501,0))>0," +Г",""),"-")) | O14: =IF($A14="","",IFERROR(IF(Настройки!$B$4="да",INDEX(Квартиры!$D$2:$D$1501,MATCH($A14*1000+13,Квартиры!$K$2:$K$1501,0))&" / ","")&INDEX(Квартиры!$H$2:$H$1501,MATCH($A14*1000+13,Квартиры!$K$2:$K$1501,0))&" СУ"&IF(INDEX(Квартиры!$I$2:$I$1501,MATCH($A14*1000+13,Квартиры!$K$2:$K$1501,0))>0," +У","")&IF(INDEX(Квартиры!$J$2:$J$1501,MATCH($A14*1000+13,Квартиры!$K$2:$K$1501,0))>0," +Г",""),"-")) | P14: =IF($A14="","",IFERROR(IF(Настройки!$B$4="да",INDEX(Квартиры!$D$2:$D$1501,MATCH($A14*1000+14,Квартиры!$K$2:$K$1501,0))&" / ","")&INDEX(Квартиры!$H$2:$H$1501,MATCH($A14*1000+14,Квартиры!$K$2:$K$1501,0))&" СУ"&IF(INDEX(Квартиры!$I$2:$I$1501,MATCH($A14*1000+14,Квартиры!$K$2:$K$1501,0))>0," +У","")&IF(INDEX(Квартиры!$J$2:$J$1501,MATCH($A14*1000+14,Квартиры!$K$2:$K$1501,0))>0," +Г",""),"-")) | Q14: =IF($A14="","",IFERROR(IF(Настройки!$B$4="да",INDEX(Квартиры!$D$2:$D$1501,MATCH($A14*1000+15,Квартиры!$K$2:$K$1501,0))&" / ","")&INDEX(Квартиры!$H$2:$H$1501,MATCH($A14*1000+15,Квартиры!$K$2:$K$1501,0))&" СУ"&IF(INDEX(Квартиры!$I$2:$I$1501,MATCH($A14*1000+15,Квартиры!$K$2:$K$1501,0))>0," +У","")&IF(INDEX(Квартиры!$J$2:$J$1501,MATCH($A14*1000+15,Квартиры!$K$2:$K$1501,0))>0," +Г",""),"-")) | R14: =IF(A14="","",C14&"|"&D14&"|"&E14&"|"&F14&"|"&G14&"|"&H14&"|"&I14&"|"&J14&"|"&K14&"|"&L14&"|"&M14&"|"&N14&"|"&O14&"|"&P14&"|"&Q14) | S14: =IF(A14="","",IFERROR(LOOKUP(2,1/(B$2:B13=B14),S$2:S13)&", ","")&A14) | U14: =IF(12>MAX(B$3:B$82),"",12) | V14: =IF(U14="","",LOOKUP(2,1/(B$3:B$82=U14),S$3:S$82)) | W14: =IF(U14="","",COUNTIF(B$3:B$82,U14))
A15: =IFERROR(IF(A14="","",SMALL(Квартиры!$B$2:$B$1501,COUNTIF(Квартиры!$B$2:$B$1501,"<="&A14)+1)),"") | B15: =IF(A15="","",IF(COUNTIF(R$2:R14,R15)=0,MAX(B$2:B14)+1,INDEX(B$2:B14,MATCH(R15,R$2:R14,0)))) | C15: =IF($A15="","",IFERROR(IF(Настройки!$B$4="да",INDEX(Квартиры!$D$2:$D$1501,MATCH($A15*1000+1,Квартиры!$K$2:$K$1501,0))&" / ","")&INDEX(Квартиры!$H$2:$H$1501,MATCH($A15*1000+1,Квартиры!$K$2:$K$1501,0))&" СУ"&IF(INDEX(Квартиры!$I$2:$I$1501,MATCH($A15*1000+1,Квартиры!$K$2:$K$1501,0))>0," +У","")&IF(INDEX(Квартиры!$J$2:$J$1501,MATCH($A15*1000+1,Квартиры!$K$2:$K$1501,0))>0," +Г",""),"-")) | D15: =IF($A15="","",IFERROR(IF(Настройки!$B$4="да",INDEX(Квартиры!$D$2:$D$1501,MATCH($A15*1000+2,Квартиры!$K$2:$K$1501,0))&" / ","")&INDEX(Квартиры!$H$2:$H$1501,MATCH($A15*1000+2,Квартиры!$K$2:$K$1501,0))&" СУ"&IF(INDEX(Квартиры!$I$2:$I$1501,MATCH($A15*1000+2,Квартиры!$K$2:$K$1501,0))>0," +У","")&IF(INDEX(Квартиры!$J$2:$J$1501,MATCH($A15*1000+2,Квартиры!$K$2:$K$1501,0))>0," +Г",""),"-")) | E15: =IF($A15="","",IFERROR(IF(Настройки!$B$4="да",INDEX(Квартиры!$D$2:$D$1501,MATCH($A15*1000+3,Квартиры!$K$2:$K$1501,0))&" / ","")&INDEX(Квартиры!$H$2:$H$1501,MATCH($A15*1000+3,Квартиры!$K$2:$K$1501,0))&" СУ"&IF(INDEX(Квартиры!$I$2:$I$1501,MATCH($A15*1000+3,Квартиры!$K$2:$K$1501,0))>0," +У","")&IF(INDEX(Квартиры!$J$2:$J$1501,MATCH($A15*1000+3,Квартиры!$K$2:$K$1501,0))>0," +Г",""),"-")) | F15: =IF($A15="","",IFERROR(IF(Настройки!$B$4="да",INDEX(Квартиры!$D$2:$D$1501,MATCH($A15*1000+4,Квартиры!$K$2:$K$1501,0))&" / ","")&INDEX(Квартиры!$H$2:$H$1501,MATCH($A15*1000+4,Квартиры!$K$2:$K$1501,0))&" СУ"&IF(INDEX(Квартиры!$I$2:$I$1501,MATCH($A15*1000+4,Квартиры!$K$2:$K$1501,0))>0," +У","")&IF(INDEX(Квартиры!$J$2:$J$1501,MATCH($A15*1000+4,Квартиры!$K$2:$K$1501,0))>0," +Г",""),"-")) | G15: =IF($A15="","",IFERROR(IF(Настройки!$B$4="да",INDEX(Квартиры!$D$2:$D$1501,MATCH($A15*1000+5,Квартиры!$K$2:$K$1501,0))&" / ","")&INDEX(Квартиры!$H$2:$H$1501,MATCH($A15*1000+5,Квартиры!$K$2:$K$1501,0))&" СУ"&IF(INDEX(Квартиры!$I$2:$I$1501,MATCH($A15*1000+5,Квартиры!$K$2:$K$1501,0))>0," +У","")&IF(INDEX(Квартиры!$J$2:$J$1501,MATCH($A15*1000+5,Квартиры!$K$2:$K$1501,0))>0," +Г",""),"-")) | H15: =IF($A15="","",IFERROR(IF(Настройки!$B$4="да",INDEX(Квартиры!$D$2:$D$1501,MATCH($A15*1000+6,Квартиры!$K$2:$K$1501,0))&" / ","")&INDEX(Квартиры!$H$2:$H$1501,MATCH($A15*1000+6,Квартиры!$K$2:$K$1501,0))&" СУ"&IF(INDEX(Квартиры!$I$2:$I$1501,MATCH($A15*1000+6,Квартиры!$K$2:$K$1501,0))>0," +У","")&IF(INDEX(Квартиры!$J$2:$J$1501,MATCH($A15*1000+6,Квартиры!$K$2:$K$1501,0))>0," +Г",""),"-")) | I15: =IF($A15="","",IFERROR(IF(Настройки!$B$4="да",INDEX(Квартиры!$D$2:$D$1501,MATCH($A15*1000+7,Квартиры!$K$2:$K$1501,0))&" / ","")&INDEX(Квартиры!$H$2:$H$1501,MATCH($A15*1000+7,Квартиры!$K$2:$K$1501,0))&" СУ"&IF(INDEX(Квартиры!$I$2:$I$1501,MATCH($A15*1000+7,Квартиры!$K$2:$K$1501,0))>0," +У","")&IF(INDEX(Квартиры!$J$2:$J$1501,MATCH($A15*1000+7,Квартиры!$K$2:$K$1501,0))>0," +Г",""),"-")) | J15: =IF($A15="","",IFERROR(IF(Настройки!$B$4="да",INDEX(Квартиры!$D$2:$D$1501,MATCH($A15*1000+8,Квартиры!$K$2:$K$1501,0))&" / ","")&INDEX(Квартиры!$H$2:$H$1501,MATCH($A15*1000+8,Квартиры!$K$2:$K$1501,0))&" СУ"&IF(INDEX(Квартиры!$I$2:$I$1501,MATCH($A15*1000+8,Квартиры!$K$2:$K$1501,0))>0," +У","")&IF(INDEX(Квартиры!$J$2:$J$1501,MATCH($A15*1000+8,Квартиры!$K$2:$K$1501,0))>0," +Г",""),"-")) | K15: =IF($A15="","",IFERROR(IF(Настройки!$B$4="да",INDEX(Квартиры!$D$2:$D$1501,MATCH($A15*1000+9,Квартиры!$K$2:$K$1501,0))&" / ","")&INDEX(Квартиры!$H$2:$H$1501,MATCH($A15*1000+9,Квартиры!$K$2:$K$1501,0))&" СУ"&IF(INDEX(Квартиры!$I$2:$I$1501,MATCH($A15*1000+9,Квартиры!$K$2:$K$1501,0))>0," +У","")&IF(INDEX(Квартиры!$J$2:$J$1501,MATCH($A15*1000+9,Квартиры!$K$2:$K$1501,0))>0," +Г",""),"-")) | L15: =IF($A15="","",IFERROR(IF(Настройки!$B$4="да",INDEX(Квартиры!$D$2:$D$1501,MATCH($A15*1000+10,Квартиры!$K$2:$K$1501,0))&" / ","")&INDEX(Квартиры!$H$2:$H$1501,MATCH($A15*1000+10,Квартиры!$K$2:$K$1501,0))&" СУ"&IF(INDEX(Квартиры!$I$2:$I$1501,MATCH($A15*1000+10,Квартиры!$K$2:$K$1501,0))>0," +У","")&IF(INDEX(Квартиры!$J$2:$J$1501,MATCH($A15*1000+10,Квартиры!$K$2:$K$1501,0))>0," +Г",""),"-")) | M15: =IF($A15="","",IFERROR(IF(Настройки!$B$4="да",INDEX(Квартиры!$D$2:$D$1501,MATCH($A15*1000+11,Квартиры!$K$2:$K$1501,0))&" / ","")&INDEX(Квартиры!$H$2:$H$1501,MATCH($A15*1000+11,Квартиры!$K$2:$K$1501,0))&" СУ"&IF(INDEX(Квартиры!$I$2:$I$1501,MATCH($A15*1000+11,Квартиры!$K$2:$K$1501,0))>0," +У","")&IF(INDEX(Квартиры!$J$2:$J$1501,MATCH($A15*1000+11,Квартиры!$K$2:$K$1501,0))>0," +Г",""),"-")) | N15: =IF($A15="","",IFERROR(IF(Настройки!$B$4="да",INDEX(Квартиры!$D$2:$D$1501,MATCH($A15*1000+12,Квартиры!$K$2:$K$1501,0))&" / ","")&INDEX(Квартиры!$H$2:$H$1501,MATCH($A15*1000+12,Квартиры!$K$2:$K$1501,0))&" СУ"&IF(INDEX(Квартиры!$I$2:$I$1501,MATCH($A15*1000+12,Квартиры!$K$2:$K$1501,0))>0," +У","")&IF(INDEX(Квартиры!$J$2:$J$1501,MATCH($A15*1000+12,Квартиры!$K$2:$K$1501,0))>0," +Г",""),"-")) | O15: =IF($A15="","",IFERROR(IF(Настройки!$B$4="да",INDEX(Квартиры!$D$2:$D$1501,MATCH($A15*1000+13,Квартиры!$K$2:$K$1501,0))&" / ","")&INDEX(Квартиры!$H$2:$H$1501,MATCH($A15*1000+13,Квартиры!$K$2:$K$1501,0))&" СУ"&IF(INDEX(Квартиры!$I$2:$I$1501,MATCH($A15*1000+13,Квартиры!$K$2:$K$1501,0))>0," +У","")&IF(INDEX(Квартиры!$J$2:$J$1501,MATCH($A15*1000+13,Квартиры!$K$2:$K$1501,0))>0," +Г",""),"-")) | P15: =IF($A15="","",IFERROR(IF(Настройки!$B$4="да",INDEX(Квартиры!$D$2:$D$1501,MATCH($A15*1000+14,Квартиры!$K$2:$K$1501,0))&" / ","")&INDEX(Квартиры!$H$2:$H$1501,MATCH($A15*1000+14,Квартиры!$K$2:$K$1501,0))&" СУ"&IF(INDEX(Квартиры!$I$2:$I$1501,MATCH($A15*1000+14,Квартиры!$K$2:$K$1501,0))>0," +У","")&IF(INDEX(Квартиры!$J$2:$J$1501,MATCH($A15*1000+14,Квартиры!$K$2:$K$1501,0))>0," +Г",""),"-")) | Q15: =IF($A15="","",IFERROR(IF(Настройки!$B$4="да",INDEX(Квартиры!$D$2:$D$1501,MATCH($A15*1000+15,Квартиры!$K$2:$K$1501,0))&" / ","")&INDEX(Квартиры!$H$2:$H$1501,MATCH($A15*1000+15,Квартиры!$K$2:$K$1501,0))&" СУ"&IF(INDEX(Квартиры!$I$2:$I$1501,MATCH($A15*1000+15,Квартиры!$K$2:$K$1501,0))>0," +У","")&IF(INDEX(Квартиры!$J$2:$J$1501,MATCH($A15*1000+15,Квартиры!$K$2:$K$1501,0))>0," +Г",""),"-")) | R15: =IF(A15="","",C15&"|"&D15&"|"&E15&"|"&F15&"|"&G15&"|"&H15&"|"&I15&"|"&J15&"|"&K15&"|"&L15&"|"&M15&"|"&N15&"|"&O15&"|"&P15&"|"&Q15) | S15: =IF(A15="","",IFERROR(LOOKUP(2,1/(B$2:B14=B15),S$2:S14)&", ","")&A15) | U15: =IF(13>MAX(B$3:B$82),"",13) | V15: =IF(U15="","",LOOKUP(2,1/(B$3:B$82=U15),S$3:S$82)) | W15: =IF(U15="","",COUNTIF(B$3:B$82,U15))
A16: =IFERROR(IF(A15="","",SMALL(Квартиры!$B$2:$B$1501,COUNTIF(Квартиры!$B$2:$B$1501,"<="&A15)+1)),"") | B16: =IF(A16="","",IF(COUNTIF(R$2:R15,R16)=0,MAX(B$2:B15)+1,INDEX(B$2:B15,MATCH(R16,R$2:R15,0)))) | C16: =IF($A16="","",IFERROR(IF(Настройки!$B$4="да",INDEX(Квартиры!$D$2:$D$1501,MATCH($A16*1000+1,Квартиры!$K$2:$K$1501,0))&" / ","")&INDEX(Квартиры!$H$2:$H$1501,MATCH($A16*1000+1,Квартиры!$K$2:$K$1501,0))&" СУ"&IF(INDEX(Квартиры!$I$2:$I$1501,MATCH($A16*1000+1,Квартиры!$K$2:$K$1501,0))>0," +У","")&IF(INDEX(Квартиры!$J$2:$J$1501,MATCH($A16*1000+1,Квартиры!$K$2:$K$1501,0))>0," +Г",""),"-")) | D16: =IF($A16="","",IFERROR(IF(Настройки!$B$4="да",INDEX(Квартиры!$D$2:$D$1501,MATCH($A16*1000+2,Квартиры!$K$2:$K$1501,0))&" / ","")&INDEX(Квартиры!$H$2:$H$1501,MATCH($A16*1000+2,Квартиры!$K$2:$K$1501,0))&" СУ"&IF(INDEX(Квартиры!$I$2:$I$1501,MATCH($A16*1000+2,Квартиры!$K$2:$K$1501,0))>0," +У","")&IF(INDEX(Квартиры!$J$2:$J$1501,MATCH($A16*1000+2,Квартиры!$K$2:$K$1501,0))>0," +Г",""),"-")) | E16: =IF($A16="","",IFERROR(IF(Настройки!$B$4="да",INDEX(Квартиры!$D$2:$D$1501,MATCH($A16*1000+3,Квартиры!$K$2:$K$1501,0))&" / ","")&INDEX(Квартиры!$H$2:$H$1501,MATCH($A16*1000+3,Квартиры!$K$2:$K$1501,0))&" СУ"&IF(INDEX(Квартиры!$I$2:$I$1501,MATCH($A16*1000+3,Квартиры!$K$2:$K$1501,0))>0," +У","")&IF(INDEX(Квартиры!$J$2:$J$1501,MATCH($A16*1000+3,Квартиры!$K$2:$K$1501,0))>0," +Г",""),"-")) | F16: =IF($A16="","",IFERROR(IF(Настройки!$B$4="да",INDEX(Квартиры!$D$2:$D$1501,MATCH($A16*1000+4,Квартиры!$K$2:$K$1501,0))&" / ","")&INDEX(Квартиры!$H$2:$H$1501,MATCH($A16*1000+4,Квартиры!$K$2:$K$1501,0))&" СУ"&IF(INDEX(Квартиры!$I$2:$I$1501,MATCH($A16*1000+4,Квартиры!$K$2:$K$1501,0))>0," +У","")&IF(INDEX(Квартиры!$J$2:$J$1501,MATCH($A16*1000+4,Квартиры!$K$2:$K$1501,0))>0," +Г",""),"-")) | G16: =IF($A16="","",IFERROR(IF(Настройки!$B$4="да",INDEX(Квартиры!$D$2:$D$1501,MATCH($A16*1000+5,Квартиры!$K$2:$K$1501,0))&" / ","")&INDEX(Квартиры!$H$2:$H$1501,MATCH($A16*1000+5,Квартиры!$K$2:$K$1501,0))&" СУ"&IF(INDEX(Квартиры!$I$2:$I$1501,MATCH($A16*1000+5,Квартиры!$K$2:$K$1501,0))>0," +У","")&IF(INDEX(Квартиры!$J$2:$J$1501,MATCH($A16*1000+5,Квартиры!$K$2:$K$1501,0))>0," +Г",""),"-")) | H16: =IF($A16="","",IFERROR(IF(Настройки!$B$4="да",INDEX(Квартиры!$D$2:$D$1501,MATCH($A16*1000+6,Квартиры!$K$2:$K$1501,0))&" / ","")&INDEX(Квартиры!$H$2:$H$1501,MATCH($A16*1000+6,Квартиры!$K$2:$K$1501,0))&" СУ"&IF(INDEX(Квартиры!$I$2:$I$1501,MATCH($A16*1000+6,Квартиры!$K$2:$K$1501,0))>0," +У","")&IF(INDEX(Квартиры!$J$2:$J$1501,MATCH($A16*1000+6,Квартиры!$K$2:$K$1501,0))>0," +Г",""),"-")) | I16: =IF($A16="","",IFERROR(IF(Настройки!$B$4="да",INDEX(Квартиры!$D$2:$D$1501,MATCH($A16*1000+7,Квартиры!$K$2:$K$1501,0))&" / ","")&INDEX(Квартиры!$H$2:$H$1501,MATCH($A16*1000+7,Квартиры!$K$2:$K$1501,0))&" СУ"&IF(INDEX(Квартиры!$I$2:$I$1501,MATCH($A16*1000+7,Квартиры!$K$2:$K$1501,0))>0," +У","")&IF(INDEX(Квартиры!$J$2:$J$1501,MATCH($A16*1000+7,Квартиры!$K$2:$K$1501,0))>0," +Г",""),"-")) | J16: =IF($A16="","",IFERROR(IF(Настройки!$B$4="да",INDEX(Квартиры!$D$2:$D$1501,MATCH($A16*1000+8,Квартиры!$K$2:$K$1501,0))&" / ","")&INDEX(Квартиры!$H$2:$H$1501,MATCH($A16*1000+8,Квартиры!$K$2:$K$1501,0))&" СУ"&IF(INDEX(Квартиры!$I$2:$I$1501,MATCH($A16*1000+8,Квартиры!$K$2:$K$1501,0))>0," +У","")&IF(INDEX(Квартиры!$J$2:$J$1501,MATCH($A16*1000+8,Квартиры!$K$2:$K$1501,0))>0," +Г",""),"-")) | K16: =IF($A16="","",IFERROR(IF(Настройки!$B$4="да",INDEX(Квартиры!$D$2:$D$1501,MATCH($A16*1000+9,Квартиры!$K$2:$K$1501,0))&" / ","")&INDEX(Квартиры!$H$2:$H$1501,MATCH($A16*1000+9,Квартиры!$K$2:$K$1501,0))&" СУ"&IF(INDEX(Квартиры!$I$2:$I$1501,MATCH($A16*1000+9,Квартиры!$K$2:$K$1501,0))>0," +У","")&IF(INDEX(Квартиры!$J$2:$J$1501,MATCH($A16*1000+9,Квартиры!$K$2:$K$1501,0))>0," +Г",""),"-")) | L16: =IF($A16="","",IFERROR(IF(Настройки!$B$4="да",INDEX(Квартиры!$D$2:$D$1501,MATCH($A16*1000+10,Квартиры!$K$2:$K$1501,0))&" / ","")&INDEX(Квартиры!$H$2:$H$1501,MATCH($A16*1000+10,Квартиры!$K$2:$K$1501,0))&" СУ"&IF(INDEX(Квартиры!$I$2:$I$1501,MATCH($A16*1000+10,Квартиры!$K$2:$K$1501,0))>0," +У","")&IF(INDEX(Квартиры!$J$2:$J$1501,MATCH($A16*1000+10,Квартиры!$K$2:$K$1501,0))>0," +Г",""),"-")) | M16: =IF($A16="","",IFERROR(IF(Настройки!$B$4="да",INDEX(Квартиры!$D$2:$D$1501,MATCH($A16*1000+11,Квартиры!$K$2:$K$1501,0))&" / ","")&INDEX(Квартиры!$H$2:$H$1501,MATCH($A16*1000+11,Квартиры!$K$2:$K$1501,0))&" СУ"&IF(INDEX(Квартиры!$I$2:$I$1501,MATCH($A16*1000+11,Квартиры!$K$2:$K$1501,0))>0," +У","")&IF(INDEX(Квартиры!$J$2:$J$1501,MATCH($A16*1000+11,Квартиры!$K$2:$K$1501,0))>0," +Г",""),"-")) | N16: =IF($A16="","",IFERROR(IF(Настройки!$B$4="да",INDEX(Квартиры!$D$2:$D$1501,MATCH($A16*1000+12,Квартиры!$K$2:$K$1501,0))&" / ","")&INDEX(Квартиры!$H$2:$H$1501,MATCH($A16*1000+12,Квартиры!$K$2:$K$1501,0))&" СУ"&IF(INDEX(Квартиры!$I$2:$I$1501,MATCH($A16*1000+12,Квартиры!$K$2:$K$1501,0))>0," +У","")&IF(INDEX(Квартиры!$J$2:$J$1501,MATCH($A16*1000+12,Квартиры!$K$2:$K$1501,0))>0," +Г",""),"-")) | O16: =IF($A16="","",IFERROR(IF(Настройки!$B$4="да",INDEX(Квартиры!$D$2:$D$1501,MATCH($A16*1000+13,Квартиры!$K$2:$K$1501,0))&" / ","")&INDEX(Квартиры!$H$2:$H$1501,MATCH($A16*1000+13,Квартиры!$K$2:$K$1501,0))&" СУ"&IF(INDEX(Квартиры!$I$2:$I$1501,MATCH($A16*1000+13,Квартиры!$K$2:$K$1501,0))>0," +У","")&IF(INDEX(Квартиры!$J$2:$J$1501,MATCH($A16*1000+13,Квартиры!$K$2:$K$1501,0))>0," +Г",""),"-")) | P16: =IF($A16="","",IFERROR(IF(Настройки!$B$4="да",INDEX(Квартиры!$D$2:$D$1501,MATCH($A16*1000+14,Квартиры!$K$2:$K$1501,0))&" / ","")&INDEX(Квартиры!$H$2:$H$1501,MATCH($A16*1000+14,Квартиры!$K$2:$K$1501,0))&" СУ"&IF(INDEX(Квартиры!$I$2:$I$1501,MATCH($A16*1000+14,Квартиры!$K$2:$K$1501,0))>0," +У","")&IF(INDEX(Квартиры!$J$2:$J$1501,MATCH($A16*1000+14,Квартиры!$K$2:$K$1501,0))>0," +Г",""),"-")) | Q16: =IF($A16="","",IFERROR(IF(Настройки!$B$4="да",INDEX(Квартиры!$D$2:$D$1501,MATCH($A16*1000+15,Квартиры!$K$2:$K$1501,0))&" / ","")&INDEX(Квартиры!$H$2:$H$1501,MATCH($A16*1000+15,Квартиры!$K$2:$K$1501,0))&" СУ"&IF(INDEX(Квартиры!$I$2:$I$1501,MATCH($A16*1000+15,Квартиры!$K$2:$K$1501,0))>0," +У","")&IF(INDEX(Квартиры!$J$2:$J$1501,MATCH($A16*1000+15,Квартиры!$K$2:$K$1501,0))>0," +Г",""),"-")) | R16: =IF(A16="","",C16&"|"&D16&"|"&E16&"|"&F16&"|"&G16&"|"&H16&"|"&I16&"|"&J16&"|"&K16&"|"&L16&"|"&M16&"|"&N16&"|"&O16&"|"&P16&"|"&Q16) | S16: =IF(A16="","",IFERROR(LOOKUP(2,1/(B$2:B15=B16),S$2:S15)&", ","")&A16) | U16: =IF(14>MAX(B$3:B$82),"",14) | V16: =IF(U16="","",LOOKUP(2,1/(B$3:B$82=U16),S$3:S$82)) | W16: =IF(U16="","",COUNTIF(B$3:B$82,U16))
A17: =IFERROR(IF(A16="","",SMALL(Квартиры!$B$2:$B$1501,COUNTIF(Квартиры!$B$2:$B$1501,"<="&A16)+1)),"") | B17: =IF(A17="","",IF(COUNTIF(R$2:R16,R17)=0,MAX(B$2:B16)+1,INDEX(B$2:B16,MATCH(R17,R$2:R16,0)))) | C17: =IF($A17="","",IFERROR(IF(Настройки!$B$4="да",INDEX(Квартиры!$D$2:$D$1501,MATCH($A17*1000+1,Квартиры!$K$2:$K$1501,0))&" / ","")&INDEX(Квартиры!$H$2:$H$1501,MATCH($A17*1000+1,Квартиры!$K$2:$K$1501,0))&" СУ"&IF(INDEX(Квартиры!$I$2:$I$1501,MATCH($A17*1000+1,Квартиры!$K$2:$K$1501,0))>0," +У","")&IF(INDEX(Квартиры!$J$2:$J$1501,MATCH($A17*1000+1,Квартиры!$K$2:$K$1501,0))>0," +Г",""),"-")) | D17: =IF($A17="","",IFERROR(IF(Настройки!$B$4="да",INDEX(Квартиры!$D$2:$D$1501,MATCH($A17*1000+2,Квартиры!$K$2:$K$1501,0))&" / ","")&INDEX(Квартиры!$H$2:$H$1501,MATCH($A17*1000+2,Квартиры!$K$2:$K$1501,0))&" СУ"&IF(INDEX(Квартиры!$I$2:$I$1501,MATCH($A17*1000+2,Квартиры!$K$2:$K$1501,0))>0," +У","")&IF(INDEX(Квартиры!$J$2:$J$1501,MATCH($A17*1000+2,Квартиры!$K$2:$K$1501,0))>0," +Г",""),"-")) | E17: =IF($A17="","",IFERROR(IF(Настройки!$B$4="да",INDEX(Квартиры!$D$2:$D$1501,MATCH($A17*1000+3,Квартиры!$K$2:$K$1501,0))&" / ","")&INDEX(Квартиры!$H$2:$H$1501,MATCH($A17*1000+3,Квартиры!$K$2:$K$1501,0))&" СУ"&IF(INDEX(Квартиры!$I$2:$I$1501,MATCH($A17*1000+3,Квартиры!$K$2:$K$1501,0))>0," +У","")&IF(INDEX(Квартиры!$J$2:$J$1501,MATCH($A17*1000+3,Квартиры!$K$2:$K$1501,0))>0," +Г",""),"-")) | F17: =IF($A17="","",IFERROR(IF(Настройки!$B$4="да",INDEX(Квартиры!$D$2:$D$1501,MATCH($A17*1000+4,Квартиры!$K$2:$K$1501,0))&" / ","")&INDEX(Квартиры!$H$2:$H$1501,MATCH($A17*1000+4,Квартиры!$K$2:$K$1501,0))&" СУ"&IF(INDEX(Квартиры!$I$2:$I$1501,MATCH($A17*1000+4,Квартиры!$K$2:$K$1501,0))>0," +У","")&IF(INDEX(Квартиры!$J$2:$J$1501,MATCH($A17*1000+4,Квартиры!$K$2:$K$1501,0))>0," +Г",""),"-")) | G17: =IF($A17="","",IFERROR(IF(Настройки!$B$4="да",INDEX(Квартиры!$D$2:$D$1501,MATCH($A17*1000+5,Квартиры!$K$2:$K$1501,0))&" / ","")&INDEX(Квартиры!$H$2:$H$1501,MATCH($A17*1000+5,Квартиры!$K$2:$K$1501,0))&" СУ"&IF(INDEX(Квартиры!$I$2:$I$1501,MATCH($A17*1000+5,Квартиры!$K$2:$K$1501,0))>0," +У","")&IF(INDEX(Квартиры!$J$2:$J$1501,MATCH($A17*1000+5,Квартиры!$K$2:$K$1501,0))>0," +Г",""),"-")) | H17: =IF($A17="","",IFERROR(IF(Настройки!$B$4="да",INDEX(Квартиры!$D$2:$D$1501,MATCH($A17*1000+6,Квартиры!$K$2:$K$1501,0))&" / ","")&INDEX(Квартиры!$H$2:$H$1501,MATCH($A17*1000+6,Квартиры!$K$2:$K$1501,0))&" СУ"&IF(INDEX(Квартиры!$I$2:$I$1501,MATCH($A17*1000+6,Квартиры!$K$2:$K$1501,0))>0," +У","")&IF(INDEX(Квартиры!$J$2:$J$1501,MATCH($A17*1000+6,Квартиры!$K$2:$K$1501,0))>0," +Г",""),"-")) | I17: =IF($A17="","",IFERROR(IF(Настройки!$B$4="да",INDEX(Квартиры!$D$2:$D$1501,MATCH($A17*1000+7,Квартиры!$K$2:$K$1501,0))&" / ","")&INDEX(Квартиры!$H$2:$H$1501,MATCH($A17*1000+7,Квартиры!$K$2:$K$1501,0))&" СУ"&IF(INDEX(Квартиры!$I$2:$I$1501,MATCH($A17*1000+7,Квартиры!$K$2:$K$1501,0))>0," +У","")&IF(INDEX(Квартиры!$J$2:$J$1501,MATCH($A17*1000+7,Квартиры!$K$2:$K$1501,0))>0," +Г",""),"-")) | J17: =IF($A17="","",IFERROR(IF(Настройки!$B$4="да",INDEX(Квартиры!$D$2:$D$1501,MATCH($A17*1000+8,Квартиры!$K$2:$K$1501,0))&" / ","")&INDEX(Квартиры!$H$2:$H$1501,MATCH($A17*1000+8,Квартиры!$K$2:$K$1501,0))&" СУ"&IF(INDEX(Квартиры!$I$2:$I$1501,MATCH($A17*1000+8,Квартиры!$K$2:$K$1501,0))>0," +У","")&IF(INDEX(Квартиры!$J$2:$J$1501,MATCH($A17*1000+8,Квартиры!$K$2:$K$1501,0))>0," +Г",""),"-")) | K17: =IF($A17="","",IFERROR(IF(Настройки!$B$4="да",INDEX(Квартиры!$D$2:$D$1501,MATCH($A17*1000+9,Квартиры!$K$2:$K$1501,0))&" / ","")&INDEX(Квартиры!$H$2:$H$1501,MATCH($A17*1000+9,Квартиры!$K$2:$K$1501,0))&" СУ"&IF(INDEX(Квартиры!$I$2:$I$1501,MATCH($A17*1000+9,Квартиры!$K$2:$K$1501,0))>0," +У","")&IF(INDEX(Квартиры!$J$2:$J$1501,MATCH($A17*1000+9,Квартиры!$K$2:$K$1501,0))>0," +Г",""),"-")) | L17: =IF($A17="","",IFERROR(IF(Настройки!$B$4="да",INDEX(Квартиры!$D$2:$D$1501,MATCH($A17*1000+10,Квартиры!$K$2:$K$1501,0))&" / ","")&INDEX(Квартиры!$H$2:$H$1501,MATCH($A17*1000+10,Квартиры!$K$2:$K$1501,0))&" СУ"&IF(INDEX(Квартиры!$I$2:$I$1501,MATCH($A17*1000+10,Квартиры!$K$2:$K$1501,0))>0," +У","")&IF(INDEX(Квартиры!$J$2:$J$1501,MATCH($A17*1000+10,Квартиры!$K$2:$K$1501,0))>0," +Г",""),"-")) | M17: =IF($A17="","",IFERROR(IF(Настройки!$B$4="да",INDEX(Квартиры!$D$2:$D$1501,MATCH($A17*1000+11,Квартиры!$K$2:$K$1501,0))&" / ","")&INDEX(Квартиры!$H$2:$H$1501,MATCH($A17*1000+11,Квартиры!$K$2:$K$1501,0))&" СУ"&IF(INDEX(Квартиры!$I$2:$I$1501,MATCH($A17*1000+11,Квартиры!$K$2:$K$1501,0))>0," +У","")&IF(INDEX(Квартиры!$J$2:$J$1501,MATCH($A17*1000+11,Квартиры!$K$2:$K$1501,0))>0," +Г",""),"-")) | N17: =IF($A17="","",IFERROR(IF(Настройки!$B$4="да",INDEX(Квартиры!$D$2:$D$1501,MATCH($A17*1000+12,Квартиры!$K$2:$K$1501,0))&" / ","")&INDEX(Квартиры!$H$2:$H$1501,MATCH($A17*1000+12,Квартиры!$K$2:$K$1501,0))&" СУ"&IF(INDEX(Квартиры!$I$2:$I$1501,MATCH($A17*1000+12,Квартиры!$K$2:$K$1501,0))>0," +У","")&IF(INDEX(Квартиры!$J$2:$J$1501,MATCH($A17*1000+12,Квартиры!$K$2:$K$1501,0))>0," +Г",""),"-")) | O17: =IF($A17="","",IFERROR(IF(Настройки!$B$4="да",INDEX(Квартиры!$D$2:$D$1501,MATCH($A17*1000+13,Квартиры!$K$2:$K$1501,0))&" / ","")&INDEX(Квартиры!$H$2:$H$1501,MATCH($A17*1000+13,Квартиры!$K$2:$K$1501,0))&" СУ"&IF(INDEX(Квартиры!$I$2:$I$1501,MATCH($A17*1000+13,Квартиры!$K$2:$K$1501,0))>0," +У","")&IF(INDEX(Квартиры!$J$2:$J$1501,MATCH($A17*1000+13,Квартиры!$K$2:$K$1501,0))>0," +Г",""),"-")) | P17: =IF($A17="","",IFERROR(IF(Настройки!$B$4="да",INDEX(Квартиры!$D$2:$D$1501,MATCH($A17*1000+14,Квартиры!$K$2:$K$1501,0))&" / ","")&INDEX(Квартиры!$H$2:$H$1501,MATCH($A17*1000+14,Квартиры!$K$2:$K$1501,0))&" СУ"&IF(INDEX(Квартиры!$I$2:$I$1501,MATCH($A17*1000+14,Квартиры!$K$2:$K$1501,0))>0," +У","")&IF(INDEX(Квартиры!$J$2:$J$1501,MATCH($A17*1000+14,Квартиры!$K$2:$K$1501,0))>0," +Г",""),"-")) | Q17: =IF($A17="","",IFERROR(IF(Настройки!$B$4="да",INDEX(Квартиры!$D$2:$D$1501,MATCH($A17*1000+15,Квартиры!$K$2:$K$1501,0))&" / ","")&INDEX(Квартиры!$H$2:$H$1501,MATCH($A17*1000+15,Квартиры!$K$2:$K$1501,0))&" СУ"&IF(INDEX(Квартиры!$I$2:$I$1501,MATCH($A17*1000+15,Квартиры!$K$2:$K$1501,0))>0," +У","")&IF(INDEX(Квартиры!$J$2:$J$1501,MATCH($A17*1000+15,Квартиры!$K$2:$K$1501,0))>0," +Г",""),"-")) | R17: =IF(A17="","",C17&"|"&D17&"|"&E17&"|"&F17&"|"&G17&"|"&H17&"|"&I17&"|"&J17&"|"&K17&"|"&L17&"|"&M17&"|"&N17&"|"&O17&"|"&P17&"|"&Q17) | S17: =IF(A17="","",IFERROR(LOOKUP(2,1/(B$2:B16=B17),S$2:S16)&", ","")&A17) | U17: =IF(15>MAX(B$3:B$82),"",15) | V17: =IF(U17="","",LOOKUP(2,1/(B$3:B$82=U17),S$3:S$82)) | W17: =IF(U17="","",COUNTIF(B$3:B$82,U17))
A18: =IFERROR(IF(A17="","",SMALL(Квартиры!$B$2:$B$1501,COUNTIF(Квартиры!$B$2:$B$1501,"<="&A17)+1)),"") | B18: =IF(A18="","",IF(COUNTIF(R$2:R17,R18)=0,MAX(B$2:B17)+1,INDEX(B$2:B17,MATCH(R18,R$2:R17,0)))) | C18: =IF($A18="","",IFERROR(IF(Настройки!$B$4="да",INDEX(Квартиры!$D$2:$D$1501,MATCH($A18*1000+1,Квартиры!$K$2:$K$1501,0))&" / ","")&INDEX(Квартиры!$H$2:$H$1501,MATCH($A18*1000+1,Квартиры!$K$2:$K$1501,0))&" СУ"&IF(INDEX(Квартиры!$I$2:$I$1501,MATCH($A18*1000+1,Квартиры!$K$2:$K$1501,0))>0," +У","")&IF(INDEX(Квартиры!$J$2:$J$1501,MATCH($A18*1000+1,Квартиры!$K$2:$K$1501,0))>0," +Г",""),"-")) | D18: =IF($A18="","",IFERROR(IF(Настройки!$B$4="да",INDEX(Квартиры!$D$2:$D$1501,MATCH($A18*1000+2,Квартиры!$K$2:$K$1501,0))&" / ","")&INDEX(Квартиры!$H$2:$H$1501,MATCH($A18*1000+2,Квартиры!$K$2:$K$1501,0))&" СУ"&IF(INDEX(Квартиры!$I$2:$I$1501,MATCH($A18*1000+2,Квартиры!$K$2:$K$1501,0))>0," +У","")&IF(INDEX(Квартиры!$J$2:$J$1501,MATCH($A18*1000+2,Квартиры!$K$2:$K$1501,0))>0," +Г",""),"-")) | E18: =IF($A18="","",IFERROR(IF(Настройки!$B$4="да",INDEX(Квартиры!$D$2:$D$1501,MATCH($A18*1000+3,Квартиры!$K$2:$K$1501,0))&" / ","")&INDEX(Квартиры!$H$2:$H$1501,MATCH($A18*1000+3,Квартиры!$K$2:$K$1501,0))&" СУ"&IF(INDEX(Квартиры!$I$2:$I$1501,MATCH($A18*1000+3,Квартиры!$K$2:$K$1501,0))>0," +У","")&IF(INDEX(Квартиры!$J$2:$J$1501,MATCH($A18*1000+3,Квартиры!$K$2:$K$1501,0))>0," +Г",""),"-")) | F18: =IF($A18="","",IFERROR(IF(Настройки!$B$4="да",INDEX(Квартиры!$D$2:$D$1501,MATCH($A18*1000+4,Квартиры!$K$2:$K$1501,0))&" / ","")&INDEX(Квартиры!$H$2:$H$1501,MATCH($A18*1000+4,Квартиры!$K$2:$K$1501,0))&" СУ"&IF(INDEX(Квартиры!$I$2:$I$1501,MATCH($A18*1000+4,Квартиры!$K$2:$K$1501,0))>0," +У","")&IF(INDEX(Квартиры!$J$2:$J$1501,MATCH($A18*1000+4,Квартиры!$K$2:$K$1501,0))>0," +Г",""),"-")) | G18: =IF($A18="","",IFERROR(IF(Настройки!$B$4="да",INDEX(Квартиры!$D$2:$D$1501,MATCH($A18*1000+5,Квартиры!$K$2:$K$1501,0))&" / ","")&INDEX(Квартиры!$H$2:$H$1501,MATCH($A18*1000+5,Квартиры!$K$2:$K$1501,0))&" СУ"&IF(INDEX(Квартиры!$I$2:$I$1501,MATCH($A18*1000+5,Квартиры!$K$2:$K$1501,0))>0," +У","")&IF(INDEX(Квартиры!$J$2:$J$1501,MATCH($A18*1000+5,Квартиры!$K$2:$K$1501,0))>0," +Г",""),"-")) | H18: =IF($A18="","",IFERROR(IF(Настройки!$B$4="да",INDEX(Квартиры!$D$2:$D$1501,MATCH($A18*1000+6,Квартиры!$K$2:$K$1501,0))&" / ","")&INDEX(Квартиры!$H$2:$H$1501,MATCH($A18*1000+6,Квартиры!$K$2:$K$1501,0))&" СУ"&IF(INDEX(Квартиры!$I$2:$I$1501,MATCH($A18*1000+6,Квартиры!$K$2:$K$1501,0))>0," +У","")&IF(INDEX(Квартиры!$J$2:$J$1501,MATCH($A18*1000+6,Квартиры!$K$2:$K$1501,0))>0," +Г",""),"-")) | I18: =IF($A18="","",IFERROR(IF(Настройки!$B$4="да",INDEX(Квартиры!$D$2:$D$1501,MATCH($A18*1000+7,Квартиры!$K$2:$K$1501,0))&" / ","")&INDEX(Квартиры!$H$2:$H$1501,MATCH($A18*1000+7,Квартиры!$K$2:$K$1501,0))&" СУ"&IF(INDEX(Квартиры!$I$2:$I$1501,MATCH($A18*1000+7,Квартиры!$K$2:$K$1501,0))>0," +У","")&IF(INDEX(Квартиры!$J$2:$J$1501,MATCH($A18*1000+7,Квартиры!$K$2:$K$1501,0))>0," +Г",""),"-")) | J18: =IF($A18="","",IFERROR(IF(Настройки!$B$4="да",INDEX(Квартиры!$D$2:$D$1501,MATCH($A18*1000+8,Квартиры!$K$2:$K$1501,0))&" / ","")&INDEX(Квартиры!$H$2:$H$1501,MATCH($A18*1000+8,Квартиры!$K$2:$K$1501,0))&" СУ"&IF(INDEX(Квартиры!$I$2:$I$1501,MATCH($A18*1000+8,Квартиры!$K$2:$K$1501,0))>0," +У","")&IF(INDEX(Квартиры!$J$2:$J$1501,MATCH($A18*1000+8,Квартиры!$K$2:$K$1501,0))>0," +Г",""),"-")) | K18: =IF($A18="","",IFERROR(IF(Настройки!$B$4="да",INDEX(Квартиры!$D$2:$D$1501,MATCH($A18*1000+9,Квартиры!$K$2:$K$1501,0))&" / ","")&INDEX(Квартиры!$H$2:$H$1501,MATCH($A18*1000+9,Квартиры!$K$2:$K$1501,0))&" СУ"&IF(INDEX(Квартиры!$I$2:$I$1501,MATCH($A18*1000+9,Квартиры!$K$2:$K$1501,0))>0," +У","")&IF(INDEX(Квартиры!$J$2:$J$1501,MATCH($A18*1000+9,Квартиры!$K$2:$K$1501,0))>0," +Г",""),"-")) | L18: =IF($A18="","",IFERROR(IF(Настройки!$B$4="да",INDEX(Квартиры!$D$2:$D$1501,MATCH($A18*1000+10,Квартиры!$K$2:$K$1501,0))&" / ","")&INDEX(Квартиры!$H$2:$H$1501,MATCH($A18*1000+10,Квартиры!$K$2:$K$1501,0))&" СУ"&IF(INDEX(Квартиры!$I$2:$I$1501,MATCH($A18*1000+10,Квартиры!$K$2:$K$1501,0))>0," +У","")&IF(INDEX(Квартиры!$J$2:$J$1501,MATCH($A18*1000+10,Квартиры!$K$2:$K$1501,0))>0," +Г",""),"-")) | M18: =IF($A18="","",IFERROR(IF(Настройки!$B$4="да",INDEX(Квартиры!$D$2:$D$1501,MATCH($A18*1000+11,Квартиры!$K$2:$K$1501,0))&" / ","")&INDEX(Квартиры!$H$2:$H$1501,MATCH($A18*1000+11,Квартиры!$K$2:$K$1501,0))&" СУ"&IF(INDEX(Квартиры!$I$2:$I$1501,MATCH($A18*1000+11,Квартиры!$K$2:$K$1501,0))>0," +У","")&IF(INDEX(Квартиры!$J$2:$J$1501,MATCH($A18*1000+11,Квартиры!$K$2:$K$1501,0))>0," +Г",""),"-")) | N18: =IF($A18="","",IFERROR(IF(Настройки!$B$4="да",INDEX(Квартиры!$D$2:$D$1501,MATCH($A18*1000+12,Квартиры!$K$2:$K$1501,0))&" / ","")&INDEX(Квартиры!$H$2:$H$1501,MATCH($A18*1000+12,Квартиры!$K$2:$K$1501,0))&" СУ"&IF(INDEX(Квартиры!$I$2:$I$1501,MATCH($A18*1000+12,Квартиры!$K$2:$K$1501,0))>0," +У","")&IF(INDEX(Квартиры!$J$2:$J$1501,MATCH($A18*1000+12,Квартиры!$K$2:$K$1501,0))>0," +Г",""),"-")) | O18: =IF($A18="","",IFERROR(IF(Настройки!$B$4="да",INDEX(Квартиры!$D$2:$D$1501,MATCH($A18*1000+13,Квартиры!$K$2:$K$1501,0))&" / ","")&INDEX(Квартиры!$H$2:$H$1501,MATCH($A18*1000+13,Квартиры!$K$2:$K$1501,0))&" СУ"&IF(INDEX(Квартиры!$I$2:$I$1501,MATCH($A18*1000+13,Квартиры!$K$2:$K$1501,0))>0," +У","")&IF(INDEX(Квартиры!$J$2:$J$1501,MATCH($A18*1000+13,Квартиры!$K$2:$K$1501,0))>0," +Г",""),"-")) | P18: =IF($A18="","",IFERROR(IF(Настройки!$B$4="да",INDEX(Квартиры!$D$2:$D$1501,MATCH($A18*1000+14,Квартиры!$K$2:$K$1501,0))&" / ","")&INDEX(Квартиры!$H$2:$H$1501,MATCH($A18*1000+14,Квартиры!$K$2:$K$1501,0))&" СУ"&IF(INDEX(Квартиры!$I$2:$I$1501,MATCH($A18*1000+14,Квартиры!$K$2:$K$1501,0))>0," +У","")&IF(INDEX(Квартиры!$J$2:$J$1501,MATCH($A18*1000+14,Квартиры!$K$2:$K$1501,0))>0," +Г",""),"-")) | Q18: =IF($A18="","",IFERROR(IF(Настройки!$B$4="да",INDEX(Квартиры!$D$2:$D$1501,MATCH($A18*1000+15,Квартиры!$K$2:$K$1501,0))&" / ","")&INDEX(Квартиры!$H$2:$H$1501,MATCH($A18*1000+15,Квартиры!$K$2:$K$1501,0))&" СУ"&IF(INDEX(Квартиры!$I$2:$I$1501,MATCH($A18*1000+15,Квартиры!$K$2:$K$1501,0))>0," +У","")&IF(INDEX(Квартиры!$J$2:$J$1501,MATCH($A18*1000+15,Квартиры!$K$2:$K$1501,0))>0," +Г",""),"-")) | R18: =IF(A18="","",C18&"|"&D18&"|"&E18&"|"&F18&"|"&G18&"|"&H18&"|"&I18&"|"&J18&"|"&K18&"|"&L18&"|"&M18&"|"&N18&"|"&O18&"|"&P18&"|"&Q18) | S18: =IF(A18="","",IFERROR(LOOKUP(2,1/(B$2:B17=B18),S$2:S17)&", ","")&A18) | U18: =IF(16>MAX(B$3:B$82),"",16) | V18: =IF(U18="","",LOOKUP(2,1/(B$3:B$82=U18),S$3:S$82)) | W18: =IF(U18="","",COUNTIF(B$3:B$82,U18))
A19: =IFERROR(IF(A18="","",SMALL(Квартиры!$B$2:$B$1501,COUNTIF(Квартиры!$B$2:$B$1501,"<="&A18)+1)),"") | B19: =IF(A19="","",IF(COUNTIF(R$2:R18,R19)=0,MAX(B$2:B18)+1,INDEX(B$2:B18,MATCH(R19,R$2:R18,0)))) | C19: =IF($A19="","",IFERROR(IF(Настройки!$B$4="да",INDEX(Квартиры!$D$2:$D$1501,MATCH($A19*1000+1,Квартиры!$K$2:$K$1501,0))&" / ","")&INDEX(Квартиры!$H$2:$H$1501,MATCH($A19*1000+1,Квартиры!$K$2:$K$1501,0))&" СУ"&IF(INDEX(Квартиры!$I$2:$I$1501,MATCH($A19*1000+1,Квартиры!$K$2:$K$1501,0))>0," +У","")&IF(INDEX(Квартиры!$J$2:$J$1501,MATCH($A19*1000+1,Квартиры!$K$2:$K$1501,0))>0," +Г",""),"-")) | D19: =IF($A19="","",IFERROR(IF(Настройки!$B$4="да",INDEX(Квартиры!$D$2:$D$1501,MATCH($A19*1000+2,Квартиры!$K$2:$K$1501,0))&" / ","")&INDEX(Квартиры!$H$2:$H$1501,MATCH($A19*1000+2,Квартиры!$K$2:$K$1501,0))&" СУ"&IF(INDEX(Квартиры!$I$2:$I$1501,MATCH($A19*1000+2,Квартиры!$K$2:$K$1501,0))>0," +У","")&IF(INDEX(Квартиры!$J$2:$J$1501,MATCH($A19*1000+2,Квартиры!$K$2:$K$1501,0))>0," +Г",""),"-")) | E19: =IF($A19="","",IFERROR(IF(Настройки!$B$4="да",INDEX(Квартиры!$D$2:$D$1501,MATCH($A19*1000+3,Квартиры!$K$2:$K$1501,0))&" / ","")&INDEX(Квартиры!$H$2:$H$1501,MATCH($A19*1000+3,Квартиры!$K$2:$K$1501,0))&" СУ"&IF(INDEX(Квартиры!$I$2:$I$1501,MATCH($A19*1000+3,Квартиры!$K$2:$K$1501,0))>0," +У","")&IF(INDEX(Квартиры!$J$2:$J$1501,MATCH($A19*1000+3,Квартиры!$K$2:$K$1501,0))>0," +Г",""),"-")) | F19: =IF($A19="","",IFERROR(IF(Настройки!$B$4="да",INDEX(Квартиры!$D$2:$D$1501,MATCH($A19*1000+4,Квартиры!$K$2:$K$1501,0))&" / ","")&INDEX(Квартиры!$H$2:$H$1501,MATCH($A19*1000+4,Квартиры!$K$2:$K$1501,0))&" СУ"&IF(INDEX(Квартиры!$I$2:$I$1501,MATCH($A19*1000+4,Квартиры!$K$2:$K$1501,0))>0," +У","")&IF(INDEX(Квартиры!$J$2:$J$1501,MATCH($A19*1000+4,Квартиры!$K$2:$K$1501,0))>0," +Г",""),"-")) | G19: =IF($A19="","",IFERROR(IF(Настройки!$B$4="да",INDEX(Квартиры!$D$2:$D$1501,MATCH($A19*1000+5,Квартиры!$K$2:$K$1501,0))&" / ","")&INDEX(Квартиры!$H$2:$H$1501,MATCH($A19*1000+5,Квартиры!$K$2:$K$1501,0))&" СУ"&IF(INDEX(Квартиры!$I$2:$I$1501,MATCH($A19*1000+5,Квартиры!$K$2:$K$1501,0))>0," +У","")&IF(INDEX(Квартиры!$J$2:$J$1501,MATCH($A19*1000+5,Квартиры!$K$2:$K$1501,0))>0," +Г",""),"-")) | H19: =IF($A19="","",IFERROR(IF(Настройки!$B$4="да",INDEX(Квартиры!$D$2:$D$1501,MATCH($A19*1000+6,Квартиры!$K$2:$K$1501,0))&" / ","")&INDEX(Квартиры!$H$2:$H$1501,MATCH($A19*1000+6,Квартиры!$K$2:$K$1501,0))&" СУ"&IF(INDEX(Квартиры!$I$2:$I$1501,MATCH($A19*1000+6,Квартиры!$K$2:$K$1501,0))>0," +У","")&IF(INDEX(Квартиры!$J$2:$J$1501,MATCH($A19*1000+6,Квартиры!$K$2:$K$1501,0))>0," +Г",""),"-")) | I19: =IF($A19="","",IFERROR(IF(Настройки!$B$4="да",INDEX(Квартиры!$D$2:$D$1501,MATCH($A19*1000+7,Квартиры!$K$2:$K$1501,0))&" / ","")&INDEX(Квартиры!$H$2:$H$1501,MATCH($A19*1000+7,Квартиры!$K$2:$K$1501,0))&" СУ"&IF(INDEX(Квартиры!$I$2:$I$1501,MATCH($A19*1000+7,Квартиры!$K$2:$K$1501,0))>0," +У","")&IF(INDEX(Квартиры!$J$2:$J$1501,MATCH($A19*1000+7,Квартиры!$K$2:$K$1501,0))>0," +Г",""),"-")) | J19: =IF($A19="","",IFERROR(IF(Настройки!$B$4="да",INDEX(Квартиры!$D$2:$D$1501,MATCH($A19*1000+8,Квартиры!$K$2:$K$1501,0))&" / ","")&INDEX(Квартиры!$H$2:$H$1501,MATCH($A19*1000+8,Квартиры!$K$2:$K$1501,0))&" СУ"&IF(INDEX(Квартиры!$I$2:$I$1501,MATCH($A19*1000+8,Квартиры!$K$2:$K$1501,0))>0," +У","")&IF(INDEX(Квартиры!$J$2:$J$1501,MATCH($A19*1000+8,Квартиры!$K$2:$K$1501,0))>0," +Г",""),"-")) | K19: =IF($A19="","",IFERROR(IF(Настройки!$B$4="да",INDEX(Квартиры!$D$2:$D$1501,MATCH($A19*1000+9,Квартиры!$K$2:$K$1501,0))&" / ","")&INDEX(Квартиры!$H$2:$H$1501,MATCH($A19*1000+9,Квартиры!$K$2:$K$1501,0))&" СУ"&IF(INDEX(Квартиры!$I$2:$I$1501,MATCH($A19*1000+9,Квартиры!$K$2:$K$1501,0))>0," +У","")&IF(INDEX(Квартиры!$J$2:$J$1501,MATCH($A19*1000+9,Квартиры!$K$2:$K$1501,0))>0," +Г",""),"-")) | L19: =IF($A19="","",IFERROR(IF(Настройки!$B$4="да",INDEX(Квартиры!$D$2:$D$1501,MATCH($A19*1000+10,Квартиры!$K$2:$K$1501,0))&" / ","")&INDEX(Квартиры!$H$2:$H$1501,MATCH($A19*1000+10,Квартиры!$K$2:$K$1501,0))&" СУ"&IF(INDEX(Квартиры!$I$2:$I$1501,MATCH($A19*1000+10,Квартиры!$K$2:$K$1501,0))>0," +У","")&IF(INDEX(Квартиры!$J$2:$J$1501,MATCH($A19*1000+10,Квартиры!$K$2:$K$1501,0))>0," +Г",""),"-")) | M19: =IF($A19="","",IFERROR(IF(Настройки!$B$4="да",INDEX(Квартиры!$D$2:$D$1501,MATCH($A19*1000+11,Квартиры!$K$2:$K$1501,0))&" / ","")&INDEX(Квартиры!$H$2:$H$1501,MATCH($A19*1000+11,Квартиры!$K$2:$K$1501,0))&" СУ"&IF(INDEX(Квартиры!$I$2:$I$1501,MATCH($A19*1000+11,Квартиры!$K$2:$K$1501,0))>0," +У","")&IF(INDEX(Квартиры!$J$2:$J$1501,MATCH($A19*1000+11,Квартиры!$K$2:$K$1501,0))>0," +Г",""),"-")) | N19: =IF($A19="","",IFERROR(IF(Настройки!$B$4="да",INDEX(Квартиры!$D$2:$D$1501,MATCH($A19*1000+12,Квартиры!$K$2:$K$1501,0))&" / ","")&INDEX(Квартиры!$H$2:$H$1501,MATCH($A19*1000+12,Квартиры!$K$2:$K$1501,0))&" СУ"&IF(INDEX(Квартиры!$I$2:$I$1501,MATCH($A19*1000+12,Квартиры!$K$2:$K$1501,0))>0," +У","")&IF(INDEX(Квартиры!$J$2:$J$1501,MATCH($A19*1000+12,Квартиры!$K$2:$K$1501,0))>0," +Г",""),"-")) | O19: =IF($A19="","",IFERROR(IF(Настройки!$B$4="да",INDEX(Квартиры!$D$2:$D$1501,MATCH($A19*1000+13,Квартиры!$K$2:$K$1501,0))&" / ","")&INDEX(Квартиры!$H$2:$H$1501,MATCH($A19*1000+13,Квартиры!$K$2:$K$1501,0))&" СУ"&IF(INDEX(Квартиры!$I$2:$I$1501,MATCH($A19*1000+13,Квартиры!$K$2:$K$1501,0))>0," +У","")&IF(INDEX(Квартиры!$J$2:$J$1501,MATCH($A19*1000+13,Квартиры!$K$2:$K$1501,0))>0," +Г",""),"-")) | P19: =IF($A19="","",IFERROR(IF(Настройки!$B$4="да",INDEX(Квартиры!$D$2:$D$1501,MATCH($A19*1000+14,Квартиры!$K$2:$K$1501,0))&" / ","")&INDEX(Квартиры!$H$2:$H$1501,MATCH($A19*1000+14,Квартиры!$K$2:$K$1501,0))&" СУ"&IF(INDEX(Квартиры!$I$2:$I$1501,MATCH($A19*1000+14,Квартиры!$K$2:$K$1501,0))>0," +У","")&IF(INDEX(Квартиры!$J$2:$J$1501,MATCH($A19*1000+14,Квартиры!$K$2:$K$1501,0))>0," +Г",""),"-")) | Q19: =IF($A19="","",IFERROR(IF(Настройки!$B$4="да",INDEX(Квартиры!$D$2:$D$1501,MATCH($A19*1000+15,Квартиры!$K$2:$K$1501,0))&" / ","")&INDEX(Квартиры!$H$2:$H$1501,MATCH($A19*1000+15,Квартиры!$K$2:$K$1501,0))&" СУ"&IF(INDEX(Квартиры!$I$2:$I$1501,MATCH($A19*1000+15,Квартиры!$K$2:$K$1501,0))>0," +У","")&IF(INDEX(Квартиры!$J$2:$J$1501,MATCH($A19*1000+15,Квартиры!$K$2:$K$1501,0))>0," +Г",""),"-")) | R19: =IF(A19="","",C19&"|"&D19&"|"&E19&"|"&F19&"|"&G19&"|"&H19&"|"&I19&"|"&J19&"|"&K19&"|"&L19&"|"&M19&"|"&N19&"|"&O19&"|"&P19&"|"&Q19) | S19: =IF(A19="","",IFERROR(LOOKUP(2,1/(B$2:B18=B19),S$2:S18)&", ","")&A19) | U19: =IF(17>MAX(B$3:B$82),"",17) | V19: =IF(U19="","",LOOKUP(2,1/(B$3:B$82=U19),S$3:S$82)) | W19: =IF(U19="","",COUNTIF(B$3:B$82,U19))
A20: =IFERROR(IF(A19="","",SMALL(Квартиры!$B$2:$B$1501,COUNTIF(Квартиры!$B$2:$B$1501,"<="&A19)+1)),"") | B20: =IF(A20="","",IF(COUNTIF(R$2:R19,R20)=0,MAX(B$2:B19)+1,INDEX(B$2:B19,MATCH(R20,R$2:R19,0)))) | C20: =IF($A20="","",IFERROR(IF(Настройки!$B$4="да",INDEX(Квартиры!$D$2:$D$1501,MATCH($A20*1000+1,Квартиры!$K$2:$K$1501,0))&" / ","")&INDEX(Квартиры!$H$2:$H$1501,MATCH($A20*1000+1,Квартиры!$K$2:$K$1501,0))&" СУ"&IF(INDEX(Квартиры!$I$2:$I$1501,MATCH($A20*1000+1,Квартиры!$K$2:$K$1501,0))>0," +У","")&IF(INDEX(Квартиры!$J$2:$J$1501,MATCH($A20*1000+1,Квартиры!$K$2:$K$1501,0))>0," +Г",""),"-")) | D20: =IF($A20="","",IFERROR(IF(Настройки!$B$4="да",INDEX(Квартиры!$D$2:$D$1501,MATCH($A20*1000+2,Квартиры!$K$2:$K$1501,0))&" / ","")&INDEX(Квартиры!$H$2:$H$1501,MATCH($A20*1000+2,Квартиры!$K$2:$K$1501,0))&" СУ"&IF(INDEX(Квартиры!$I$2:$I$1501,MATCH($A20*1000+2,Квартиры!$K$2:$K$1501,0))>0," +У","")&IF(INDEX(Квартиры!$J$2:$J$1501,MATCH($A20*1000+2,Квартиры!$K$2:$K$1501,0))>0," +Г",""),"-")) | E20: =IF($A20="","",IFERROR(IF(Настройки!$B$4="да",INDEX(Квартиры!$D$2:$D$1501,MATCH($A20*1000+3,Квартиры!$K$2:$K$1501,0))&" / ","")&INDEX(Квартиры!$H$2:$H$1501,MATCH($A20*1000+3,Квартиры!$K$2:$K$1501,0))&" СУ"&IF(INDEX(Квартиры!$I$2:$I$1501,MATCH($A20*1000+3,Квартиры!$K$2:$K$1501,0))>0," +У","")&IF(INDEX(Квартиры!$J$2:$J$1501,MATCH($A20*1000+3,Квартиры!$K$2:$K$1501,0))>0," +Г",""),"-")) | F20: =IF($A20="","",IFERROR(IF(Настройки!$B$4="да",INDEX(Квартиры!$D$2:$D$1501,MATCH($A20*1000+4,Квартиры!$K$2:$K$1501,0))&" / ","")&INDEX(Квартиры!$H$2:$H$1501,MATCH($A20*1000+4,Квартиры!$K$2:$K$1501,0))&" СУ"&IF(INDEX(Квартиры!$I$2:$I$1501,MATCH($A20*1000+4,Квартиры!$K$2:$K$1501,0))>0," +У","")&IF(INDEX(Квартиры!$J$2:$J$1501,MATCH($A20*1000+4,Квартиры!$K$2:$K$1501,0))>0," +Г",""),"-")) | G20: =IF($A20="","",IFERROR(IF(Настройки!$B$4="да",INDEX(Квартиры!$D$2:$D$1501,MATCH($A20*1000+5,Квартиры!$K$2:$K$1501,0))&" / ","")&INDEX(Квартиры!$H$2:$H$1501,MATCH($A20*1000+5,Квартиры!$K$2:$K$1501,0))&" СУ"&IF(INDEX(Квартиры!$I$2:$I$1501,MATCH($A20*1000+5,Квартиры!$K$2:$K$1501,0))>0," +У","")&IF(INDEX(Квартиры!$J$2:$J$1501,MATCH($A20*1000+5,Квартиры!$K$2:$K$1501,0))>0," +Г",""),"-")) | H20: =IF($A20="","",IFERROR(IF(Настройки!$B$4="да",INDEX(Квартиры!$D$2:$D$1501,MATCH($A20*1000+6,Квартиры!$K$2:$K$1501,0))&" / ","")&INDEX(Квартиры!$H$2:$H$1501,MATCH($A20*1000+6,Квартиры!$K$2:$K$1501,0))&" СУ"&IF(INDEX(Квартиры!$I$2:$I$1501,MATCH($A20*1000+6,Квартиры!$K$2:$K$1501,0))>0," +У","")&IF(INDEX(Квартиры!$J$2:$J$1501,MATCH($A20*1000+6,Квартиры!$K$2:$K$1501,0))>0," +Г",""),"-")) | I20: =IF($A20="","",IFERROR(IF(Настройки!$B$4="да",INDEX(Квартиры!$D$2:$D$1501,MATCH($A20*1000+7,Квартиры!$K$2:$K$1501,0))&" / ","")&INDEX(Квартиры!$H$2:$H$1501,MATCH($A20*1000+7,Квартиры!$K$2:$K$1501,0))&" СУ"&IF(INDEX(Квартиры!$I$2:$I$1501,MATCH($A20*1000+7,Квартиры!$K$2:$K$1501,0))>0," +У","")&IF(INDEX(Квартиры!$J$2:$J$1501,MATCH($A20*1000+7,Квартиры!$K$2:$K$1501,0))>0," +Г",""),"-")) | J20: =IF($A20="","",IFERROR(IF(Настройки!$B$4="да",INDEX(Квартиры!$D$2:$D$1501,MATCH($A20*1000+8,Квартиры!$K$2:$K$1501,0))&" / ","")&INDEX(Квартиры!$H$2:$H$1501,MATCH($A20*1000+8,Квартиры!$K$2:$K$1501,0))&" СУ"&IF(INDEX(Квартиры!$I$2:$I$1501,MATCH($A20*1000+8,Квартиры!$K$2:$K$1501,0))>0," +У","")&IF(INDEX(Квартиры!$J$2:$J$1501,MATCH($A20*1000+8,Квартиры!$K$2:$K$1501,0))>0," +Г",""),"-")) | K20: =IF($A20="","",IFERROR(IF(Настройки!$B$4="да",INDEX(Квартиры!$D$2:$D$1501,MATCH($A20*1000+9,Квартиры!$K$2:$K$1501,0))&" / ","")&INDEX(Квартиры!$H$2:$H$1501,MATCH($A20*1000+9,Квартиры!$K$2:$K$1501,0))&" СУ"&IF(INDEX(Квартиры!$I$2:$I$1501,MATCH($A20*1000+9,Квартиры!$K$2:$K$1501,0))>0," +У","")&IF(INDEX(Квартиры!$J$2:$J$1501,MATCH($A20*1000+9,Квартиры!$K$2:$K$1501,0))>0," +Г",""),"-")) | L20: =IF($A20="","",IFERROR(IF(Настройки!$B$4="да",INDEX(Квартиры!$D$2:$D$1501,MATCH($A20*1000+10,Квартиры!$K$2:$K$1501,0))&" / ","")&INDEX(Квартиры!$H$2:$H$1501,MATCH($A20*1000+10,Квартиры!$K$2:$K$1501,0))&" СУ"&IF(INDEX(Квартиры!$I$2:$I$1501,MATCH($A20*1000+10,Квартиры!$K$2:$K$1501,0))>0," +У","")&IF(INDEX(Квартиры!$J$2:$J$1501,MATCH($A20*1000+10,Квартиры!$K$2:$K$1501,0))>0," +Г",""),"-")) | M20: =IF($A20="","",IFERROR(IF(Настройки!$B$4="да",INDEX(Квартиры!$D$2:$D$1501,MATCH($A20*1000+11,Квартиры!$K$2:$K$1501,0))&" / ","")&INDEX(Квартиры!$H$2:$H$1501,MATCH($A20*1000+11,Квартиры!$K$2:$K$1501,0))&" СУ"&IF(INDEX(Квартиры!$I$2:$I$1501,MATCH($A20*1000+11,Квартиры!$K$2:$K$1501,0))>0," +У","")&IF(INDEX(Квартиры!$J$2:$J$1501,MATCH($A20*1000+11,Квартиры!$K$2:$K$1501,0))>0," +Г",""),"-")) | N20: =IF($A20="","",IFERROR(IF(Настройки!$B$4="да",INDEX(Квартиры!$D$2:$D$1501,MATCH($A20*1000+12,Квартиры!$K$2:$K$1501,0))&" / ","")&INDEX(Квартиры!$H$2:$H$1501,MATCH($A20*1000+12,Квартиры!$K$2:$K$1501,0))&" СУ"&IF(INDEX(Квартиры!$I$2:$I$1501,MATCH($A20*1000+12,Квартиры!$K$2:$K$1501,0))>0," +У","")&IF(INDEX(Квартиры!$J$2:$J$1501,MATCH($A20*1000+12,Квартиры!$K$2:$K$1501,0))>0," +Г",""),"-")) | O20: =IF($A20="","",IFERROR(IF(Настройки!$B$4="да",INDEX(Квартиры!$D$2:$D$1501,MATCH($A20*1000+13,Квартиры!$K$2:$K$1501,0))&" / ","")&INDEX(Квартиры!$H$2:$H$1501,MATCH($A20*1000+13,Квартиры!$K$2:$K$1501,0))&" СУ"&IF(INDEX(Квартиры!$I$2:$I$1501,MATCH($A20*1000+13,Квартиры!$K$2:$K$1501,0))>0," +У","")&IF(INDEX(Квартиры!$J$2:$J$1501,MATCH($A20*1000+13,Квартиры!$K$2:$K$1501,0))>0," +Г",""),"-")) | P20: =IF($A20="","",IFERROR(IF(Настройки!$B$4="да",INDEX(Квартиры!$D$2:$D$1501,MATCH($A20*1000+14,Квартиры!$K$2:$K$1501,0))&" / ","")&INDEX(Квартиры!$H$2:$H$1501,MATCH($A20*1000+14,Квартиры!$K$2:$K$1501,0))&" СУ"&IF(INDEX(Квартиры!$I$2:$I$1501,MATCH($A20*1000+14,Квартиры!$K$2:$K$1501,0))>0," +У","")&IF(INDEX(Квартиры!$J$2:$J$1501,MATCH($A20*1000+14,Квартиры!$K$2:$K$1501,0))>0," +Г",""),"-")) | Q20: =IF($A20="","",IFERROR(IF(Настройки!$B$4="да",INDEX(Квартиры!$D$2:$D$1501,MATCH($A20*1000+15,Квартиры!$K$2:$K$1501,0))&" / ","")&INDEX(Квартиры!$H$2:$H$1501,MATCH($A20*1000+15,Квартиры!$K$2:$K$1501,0))&" СУ"&IF(INDEX(Квартиры!$I$2:$I$1501,MATCH($A20*1000+15,Квартиры!$K$2:$K$1501,0))>0," +У","")&IF(INDEX(Квартиры!$J$2:$J$1501,MATCH($A20*1000+15,Квартиры!$K$2:$K$1501,0))>0," +Г",""),"-")) | R20: =IF(A20="","",C20&"|"&D20&"|"&E20&"|"&F20&"|"&G20&"|"&H20&"|"&I20&"|"&J20&"|"&K20&"|"&L20&"|"&M20&"|"&N20&"|"&O20&"|"&P20&"|"&Q20) | S20: =IF(A20="","",IFERROR(LOOKUP(2,1/(B$2:B19=B20),S$2:S19)&", ","")&A20) | U20: =IF(18>MAX(B$3:B$82),"",18) | V20: =IF(U20="","",LOOKUP(2,1/(B$3:B$82=U20),S$3:S$82)) | W20: =IF(U20="","",COUNTIF(B$3:B$82,U20))
A21: =IFERROR(IF(A20="","",SMALL(Квартиры!$B$2:$B$1501,COUNTIF(Квартиры!$B$2:$B$1501,"<="&A20)+1)),"") | B21: =IF(A21="","",IF(COUNTIF(R$2:R20,R21)=0,MAX(B$2:B20)+1,INDEX(B$2:B20,MATCH(R21,R$2:R20,0)))) | C21: =IF($A21="","",IFERROR(IF(Настройки!$B$4="да",INDEX(Квартиры!$D$2:$D$1501,MATCH($A21*1000+1,Квартиры!$K$2:$K$1501,0))&" / ","")&INDEX(Квартиры!$H$2:$H$1501,MATCH($A21*1000+1,Квартиры!$K$2:$K$1501,0))&" СУ"&IF(INDEX(Квартиры!$I$2:$I$1501,MATCH($A21*1000+1,Квартиры!$K$2:$K$1501,0))>0," +У","")&IF(INDEX(Квартиры!$J$2:$J$1501,MATCH($A21*1000+1,Квартиры!$K$2:$K$1501,0))>0," +Г",""),"-")) | D21: =IF($A21="","",IFERROR(IF(Настройки!$B$4="да",INDEX(Квартиры!$D$2:$D$1501,MATCH($A21*1000+2,Квартиры!$K$2:$K$1501,0))&" / ","")&INDEX(Квартиры!$H$2:$H$1501,MATCH($A21*1000+2,Квартиры!$K$2:$K$1501,0))&" СУ"&IF(INDEX(Квартиры!$I$2:$I$1501,MATCH($A21*1000+2,Квартиры!$K$2:$K$1501,0))>0," +У","")&IF(INDEX(Квартиры!$J$2:$J$1501,MATCH($A21*1000+2,Квартиры!$K$2:$K$1501,0))>0," +Г",""),"-")) | E21: =IF($A21="","",IFERROR(IF(Настройки!$B$4="да",INDEX(Квартиры!$D$2:$D$1501,MATCH($A21*1000+3,Квартиры!$K$2:$K$1501,0))&" / ","")&INDEX(Квартиры!$H$2:$H$1501,MATCH($A21*1000+3,Квартиры!$K$2:$K$1501,0))&" СУ"&IF(INDEX(Квартиры!$I$2:$I$1501,MATCH($A21*1000+3,Квартиры!$K$2:$K$1501,0))>0," +У","")&IF(INDEX(Квартиры!$J$2:$J$1501,MATCH($A21*1000+3,Квартиры!$K$2:$K$1501,0))>0," +Г",""),"-")) | F21: =IF($A21="","",IFERROR(IF(Настройки!$B$4="да",INDEX(Квартиры!$D$2:$D$1501,MATCH($A21*1000+4,Квартиры!$K$2:$K$1501,0))&" / ","")&INDEX(Квартиры!$H$2:$H$1501,MATCH($A21*1000+4,Квартиры!$K$2:$K$1501,0))&" СУ"&IF(INDEX(Квартиры!$I$2:$I$1501,MATCH($A21*1000+4,Квартиры!$K$2:$K$1501,0))>0," +У","")&IF(INDEX(Квартиры!$J$2:$J$1501,MATCH($A21*1000+4,Квартиры!$K$2:$K$1501,0))>0," +Г",""),"-")) | G21: =IF($A21="","",IFERROR(IF(Настройки!$B$4="да",INDEX(Квартиры!$D$2:$D$1501,MATCH($A21*1000+5,Квартиры!$K$2:$K$1501,0))&" / ","")&INDEX(Квартиры!$H$2:$H$1501,MATCH($A21*1000+5,Квартиры!$K$2:$K$1501,0))&" СУ"&IF(INDEX(Квартиры!$I$2:$I$1501,MATCH($A21*1000+5,Квартиры!$K$2:$K$1501,0))>0," +У","")&IF(INDEX(Квартиры!$J$2:$J$1501,MATCH($A21*1000+5,Квартиры!$K$2:$K$1501,0))>0," +Г",""),"-")) | H21: =IF($A21="","",IFERROR(IF(Настройки!$B$4="да",INDEX(Квартиры!$D$2:$D$1501,MATCH($A21*1000+6,Квартиры!$K$2:$K$1501,0))&" / ","")&INDEX(Квартиры!$H$2:$H$1501,MATCH($A21*1000+6,Квартиры!$K$2:$K$1501,0))&" СУ"&IF(INDEX(Квартиры!$I$2:$I$1501,MATCH($A21*1000+6,Квартиры!$K$2:$K$1501,0))>0," +У","")&IF(INDEX(Квартиры!$J$2:$J$1501,MATCH($A21*1000+6,Квартиры!$K$2:$K$1501,0))>0," +Г",""),"-")) | I21: =IF($A21="","",IFERROR(IF(Настройки!$B$4="да",INDEX(Квартиры!$D$2:$D$1501,MATCH($A21*1000+7,Квартиры!$K$2:$K$1501,0))&" / ","")&INDEX(Квартиры!$H$2:$H$1501,MATCH($A21*1000+7,Квартиры!$K$2:$K$1501,0))&" СУ"&IF(INDEX(Квартиры!$I$2:$I$1501,MATCH($A21*1000+7,Квартиры!$K$2:$K$1501,0))>0," +У","")&IF(INDEX(Квартиры!$J$2:$J$1501,MATCH($A21*1000+7,Квартиры!$K$2:$K$1501,0))>0," +Г",""),"-")) | J21: =IF($A21="","",IFERROR(IF(Настройки!$B$4="да",INDEX(Квартиры!$D$2:$D$1501,MATCH($A21*1000+8,Квартиры!$K$2:$K$1501,0))&" / ","")&INDEX(Квартиры!$H$2:$H$1501,MATCH($A21*1000+8,Квартиры!$K$2:$K$1501,0))&" СУ"&IF(INDEX(Квартиры!$I$2:$I$1501,MATCH($A21*1000+8,Квартиры!$K$2:$K$1501,0))>0," +У","")&IF(INDEX(Квартиры!$J$2:$J$1501,MATCH($A21*1000+8,Квартиры!$K$2:$K$1501,0))>0," +Г",""),"-")) | K21: =IF($A21="","",IFERROR(IF(Настройки!$B$4="да",INDEX(Квартиры!$D$2:$D$1501,MATCH($A21*1000+9,Квартиры!$K$2:$K$1501,0))&" / ","")&INDEX(Квартиры!$H$2:$H$1501,MATCH($A21*1000+9,Квартиры!$K$2:$K$1501,0))&" СУ"&IF(INDEX(Квартиры!$I$2:$I$1501,MATCH($A21*1000+9,Квартиры!$K$2:$K$1501,0))>0," +У","")&IF(INDEX(Квартиры!$J$2:$J$1501,MATCH($A21*1000+9,Квартиры!$K$2:$K$1501,0))>0," +Г",""),"-")) | L21: =IF($A21="","",IFERROR(IF(Настройки!$B$4="да",INDEX(Квартиры!$D$2:$D$1501,MATCH($A21*1000+10,Квартиры!$K$2:$K$1501,0))&" / ","")&INDEX(Квартиры!$H$2:$H$1501,MATCH($A21*1000+10,Квартиры!$K$2:$K$1501,0))&" СУ"&IF(INDEX(Квартиры!$I$2:$I$1501,MATCH($A21*1000+10,Квартиры!$K$2:$K$1501,0))>0," +У","")&IF(INDEX(Квартиры!$J$2:$J$1501,MATCH($A21*1000+10,Квартиры!$K$2:$K$1501,0))>0," +Г",""),"-")) | M21: =IF($A21="","",IFERROR(IF(Настройки!$B$4="да",INDEX(Квартиры!$D$2:$D$1501,MATCH($A21*1000+11,Квартиры!$K$2:$K$1501,0))&" / ","")&INDEX(Квартиры!$H$2:$H$1501,MATCH($A21*1000+11,Квартиры!$K$2:$K$1501,0))&" СУ"&IF(INDEX(Квартиры!$I$2:$I$1501,MATCH($A21*1000+11,Квартиры!$K$2:$K$1501,0))>0," +У","")&IF(INDEX(Квартиры!$J$2:$J$1501,MATCH($A21*1000+11,Квартиры!$K$2:$K$1501,0))>0," +Г",""),"-")) | N21: =IF($A21="","",IFERROR(IF(Настройки!$B$4="да",INDEX(Квартиры!$D$2:$D$1501,MATCH($A21*1000+12,Квартиры!$K$2:$K$1501,0))&" / ","")&INDEX(Квартиры!$H$2:$H$1501,MATCH($A21*1000+12,Квартиры!$K$2:$K$1501,0))&" СУ"&IF(INDEX(Квартиры!$I$2:$I$1501,MATCH($A21*1000+12,Квартиры!$K$2:$K$1501,0))>0," +У","")&IF(INDEX(Квартиры!$J$2:$J$1501,MATCH($A21*1000+12,Квартиры!$K$2:$K$1501,0))>0," +Г",""),"-")) | O21: =IF($A21="","",IFERROR(IF(Настройки!$B$4="да",INDEX(Квартиры!$D$2:$D$1501,MATCH($A21*1000+13,Квартиры!$K$2:$K$1501,0))&" / ","")&INDEX(Квартиры!$H$2:$H$1501,MATCH($A21*1000+13,Квартиры!$K$2:$K$1501,0))&" СУ"&IF(INDEX(Квартиры!$I$2:$I$1501,MATCH($A21*1000+13,Квартиры!$K$2:$K$1501,0))>0," +У","")&IF(INDEX(Квартиры!$J$2:$J$1501,MATCH($A21*1000+13,Квартиры!$K$2:$K$1501,0))>0," +Г",""),"-")) | P21: =IF($A21="","",IFERROR(IF(Настройки!$B$4="да",INDEX(Квартиры!$D$2:$D$1501,MATCH($A21*1000+14,Квартиры!$K$2:$K$1501,0))&" / ","")&INDEX(Квартиры!$H$2:$H$1501,MATCH($A21*1000+14,Квартиры!$K$2:$K$1501,0))&" СУ"&IF(INDEX(Квартиры!$I$2:$I$1501,MATCH($A21*1000+14,Квартиры!$K$2:$K$1501,0))>0," +У","")&IF(INDEX(Квартиры!$J$2:$J$1501,MATCH($A21*1000+14,Квартиры!$K$2:$K$1501,0))>0," +Г",""),"-")) | Q21: =IF($A21="","",IFERROR(IF(Настройки!$B$4="да",INDEX(Квартиры!$D$2:$D$1501,MATCH($A21*1000+15,Квартиры!$K$2:$K$1501,0))&" / ","")&INDEX(Квартиры!$H$2:$H$1501,MATCH($A21*1000+15,Квартиры!$K$2:$K$1501,0))&" СУ"&IF(INDEX(Квартиры!$I$2:$I$1501,MATCH($A21*1000+15,Квартиры!$K$2:$K$1501,0))>0," +У","")&IF(INDEX(Квартиры!$J$2:$J$1501,MATCH($A21*1000+15,Квартиры!$K$2:$K$1501,0))>0," +Г",""),"-")) | R21: =IF(A21="","",C21&"|"&D21&"|"&E21&"|"&F21&"|"&G21&"|"&H21&"|"&I21&"|"&J21&"|"&K21&"|"&L21&"|"&M21&"|"&N21&"|"&O21&"|"&P21&"|"&Q21) | S21: =IF(A21="","",IFERROR(LOOKUP(2,1/(B$2:B20=B21),S$2:S20)&", ","")&A21) | U21: =IF(19>MAX(B$3:B$82),"",19) | V21: =IF(U21="","",LOOKUP(2,1/(B$3:B$82=U21),S$3:S$82)) | W21: =IF(U21="","",COUNTIF(B$3:B$82,U21))
A22: =IFERROR(IF(A21="","",SMALL(Квартиры!$B$2:$B$1501,COUNTIF(Квартиры!$B$2:$B$1501,"<="&A21)+1)),"") | B22: =IF(A22="","",IF(COUNTIF(R$2:R21,R22)=0,MAX(B$2:B21)+1,INDEX(B$2:B21,MATCH(R22,R$2:R21,0)))) | C22: =IF($A22="","",IFERROR(IF(Настройки!$B$4="да",INDEX(Квартиры!$D$2:$D$1501,MATCH($A22*1000+1,Квартиры!$K$2:$K$1501,0))&" / ","")&INDEX(Квартиры!$H$2:$H$1501,MATCH($A22*1000+1,Квартиры!$K$2:$K$1501,0))&" СУ"&IF(INDEX(Квартиры!$I$2:$I$1501,MATCH($A22*1000+1,Квартиры!$K$2:$K$1501,0))>0," +У","")&IF(INDEX(Квартиры!$J$2:$J$1501,MATCH($A22*1000+1,Квартиры!$K$2:$K$1501,0))>0," +Г",""),"-")) | D22: =IF($A22="","",IFERROR(IF(Настройки!$B$4="да",INDEX(Квартиры!$D$2:$D$1501,MATCH($A22*1000+2,Квартиры!$K$2:$K$1501,0))&" / ","")&INDEX(Квартиры!$H$2:$H$1501,MATCH($A22*1000+2,Квартиры!$K$2:$K$1501,0))&" СУ"&IF(INDEX(Квартиры!$I$2:$I$1501,MATCH($A22*1000+2,Квартиры!$K$2:$K$1501,0))>0," +У","")&IF(INDEX(Квартиры!$J$2:$J$1501,MATCH($A22*1000+2,Квартиры!$K$2:$K$1501,0))>0," +Г",""),"-")) | E22: =IF($A22="","",IFERROR(IF(Настройки!$B$4="да",INDEX(Квартиры!$D$2:$D$1501,MATCH($A22*1000+3,Квартиры!$K$2:$K$1501,0))&" / ","")&INDEX(Квартиры!$H$2:$H$1501,MATCH($A22*1000+3,Квартиры!$K$2:$K$1501,0))&" СУ"&IF(INDEX(Квартиры!$I$2:$I$1501,MATCH($A22*1000+3,Квартиры!$K$2:$K$1501,0))>0," +У","")&IF(INDEX(Квартиры!$J$2:$J$1501,MATCH($A22*1000+3,Квартиры!$K$2:$K$1501,0))>0," +Г",""),"-")) | F22: =IF($A22="","",IFERROR(IF(Настройки!$B$4="да",INDEX(Квартиры!$D$2:$D$1501,MATCH($A22*1000+4,Квартиры!$K$2:$K$1501,0))&" / ","")&INDEX(Квартиры!$H$2:$H$1501,MATCH($A22*1000+4,Квартиры!$K$2:$K$1501,0))&" СУ"&IF(INDEX(Квартиры!$I$2:$I$1501,MATCH($A22*1000+4,Квартиры!$K$2:$K$1501,0))>0," +У","")&IF(INDEX(Квартиры!$J$2:$J$1501,MATCH($A22*1000+4,Квартиры!$K$2:$K$1501,0))>0," +Г",""),"-")) | G22: =IF($A22="","",IFERROR(IF(Настройки!$B$4="да",INDEX(Квартиры!$D$2:$D$1501,MATCH($A22*1000+5,Квартиры!$K$2:$K$1501,0))&" / ","")&INDEX(Квартиры!$H$2:$H$1501,MATCH($A22*1000+5,Квартиры!$K$2:$K$1501,0))&" СУ"&IF(INDEX(Квартиры!$I$2:$I$1501,MATCH($A22*1000+5,Квартиры!$K$2:$K$1501,0))>0," +У","")&IF(INDEX(Квартиры!$J$2:$J$1501,MATCH($A22*1000+5,Квартиры!$K$2:$K$1501,0))>0," +Г",""),"-")) | H22: =IF($A22="","",IFERROR(IF(Настройки!$B$4="да",INDEX(Квартиры!$D$2:$D$1501,MATCH($A22*1000+6,Квартиры!$K$2:$K$1501,0))&" / ","")&INDEX(Квартиры!$H$2:$H$1501,MATCH($A22*1000+6,Квартиры!$K$2:$K$1501,0))&" СУ"&IF(INDEX(Квартиры!$I$2:$I$1501,MATCH($A22*1000+6,Квартиры!$K$2:$K$1501,0))>0," +У","")&IF(INDEX(Квартиры!$J$2:$J$1501,MATCH($A22*1000+6,Квартиры!$K$2:$K$1501,0))>0," +Г",""),"-")) | I22: =IF($A22="","",IFERROR(IF(Настройки!$B$4="да",INDEX(Квартиры!$D$2:$D$1501,MATCH($A22*1000+7,Квартиры!$K$2:$K$1501,0))&" / ","")&INDEX(Квартиры!$H$2:$H$1501,MATCH($A22*1000+7,Квартиры!$K$2:$K$1501,0))&" СУ"&IF(INDEX(Квартиры!$I$2:$I$1501,MATCH($A22*1000+7,Квартиры!$K$2:$K$1501,0))>0," +У","")&IF(INDEX(Квартиры!$J$2:$J$1501,MATCH($A22*1000+7,Квартиры!$K$2:$K$1501,0))>0," +Г",""),"-")) | J22: =IF($A22="","",IFERROR(IF(Настройки!$B$4="да",INDEX(Квартиры!$D$2:$D$1501,MATCH($A22*1000+8,Квартиры!$K$2:$K$1501,0))&" / ","")&INDEX(Квартиры!$H$2:$H$1501,MATCH($A22*1000+8,Квартиры!$K$2:$K$1501,0))&" СУ"&IF(INDEX(Квартиры!$I$2:$I$1501,MATCH($A22*1000+8,Квартиры!$K$2:$K$1501,0))>0," +У","")&IF(INDEX(Квартиры!$J$2:$J$1501,MATCH($A22*1000+8,Квартиры!$K$2:$K$1501,0))>0," +Г",""),"-")) | K22: =IF($A22="","",IFERROR(IF(Настройки!$B$4="да",INDEX(Квартиры!$D$2:$D$1501,MATCH($A22*1000+9,Квартиры!$K$2:$K$1501,0))&" / ","")&INDEX(Квартиры!$H$2:$H$1501,MATCH($A22*1000+9,Квартиры!$K$2:$K$1501,0))&" СУ"&IF(INDEX(Квартиры!$I$2:$I$1501,MATCH($A22*1000+9,Квартиры!$K$2:$K$1501,0))>0," +У","")&IF(INDEX(Квартиры!$J$2:$J$1501,MATCH($A22*1000+9,Квартиры!$K$2:$K$1501,0))>0," +Г",""),"-")) | L22: =IF($A22="","",IFERROR(IF(Настройки!$B$4="да",INDEX(Квартиры!$D$2:$D$1501,MATCH($A22*1000+10,Квартиры!$K$2:$K$1501,0))&" / ","")&INDEX(Квартиры!$H$2:$H$1501,MATCH($A22*1000+10,Квартиры!$K$2:$K$1501,0))&" СУ"&IF(INDEX(Квартиры!$I$2:$I$1501,MATCH($A22*1000+10,Квартиры!$K$2:$K$1501,0))>0," +У","")&IF(INDEX(Квартиры!$J$2:$J$1501,MATCH($A22*1000+10,Квартиры!$K$2:$K$1501,0))>0," +Г",""),"-")) | M22: =IF($A22="","",IFERROR(IF(Настройки!$B$4="да",INDEX(Квартиры!$D$2:$D$1501,MATCH($A22*1000+11,Квартиры!$K$2:$K$1501,0))&" / ","")&INDEX(Квартиры!$H$2:$H$1501,MATCH($A22*1000+11,Квартиры!$K$2:$K$1501,0))&" СУ"&IF(INDEX(Квартиры!$I$2:$I$1501,MATCH($A22*1000+11,Квартиры!$K$2:$K$1501,0))>0," +У","")&IF(INDEX(Квартиры!$J$2:$J$1501,MATCH($A22*1000+11,Квартиры!$K$2:$K$1501,0))>0," +Г",""),"-")) | N22: =IF($A22="","",IFERROR(IF(Настройки!$B$4="да",INDEX(Квартиры!$D$2:$D$1501,MATCH($A22*1000+12,Квартиры!$K$2:$K$1501,0))&" / ","")&INDEX(Квартиры!$H$2:$H$1501,MATCH($A22*1000+12,Квартиры!$K$2:$K$1501,0))&" СУ"&IF(INDEX(Квартиры!$I$2:$I$1501,MATCH($A22*1000+12,Квартиры!$K$2:$K$1501,0))>0," +У","")&IF(INDEX(Квартиры!$J$2:$J$1501,MATCH($A22*1000+12,Квартиры!$K$2:$K$1501,0))>0," +Г",""),"-")) | O22: =IF($A22="","",IFERROR(IF(Настройки!$B$4="да",INDEX(Квартиры!$D$2:$D$1501,MATCH($A22*1000+13,Квартиры!$K$2:$K$1501,0))&" / ","")&INDEX(Квартиры!$H$2:$H$1501,MATCH($A22*1000+13,Квартиры!$K$2:$K$1501,0))&" СУ"&IF(INDEX(Квартиры!$I$2:$I$1501,MATCH($A22*1000+13,Квартиры!$K$2:$K$1501,0))>0," +У","")&IF(INDEX(Квартиры!$J$2:$J$1501,MATCH($A22*1000+13,Квартиры!$K$2:$K$1501,0))>0," +Г",""),"-")) | P22: =IF($A22="","",IFERROR(IF(Настройки!$B$4="да",INDEX(Квартиры!$D$2:$D$1501,MATCH($A22*1000+14,Квартиры!$K$2:$K$1501,0))&" / ","")&INDEX(Квартиры!$H$2:$H$1501,MATCH($A22*1000+14,Квартиры!$K$2:$K$1501,0))&" СУ"&IF(INDEX(Квартиры!$I$2:$I$1501,MATCH($A22*1000+14,Квартиры!$K$2:$K$1501,0))>0," +У","")&IF(INDEX(Квартиры!$J$2:$J$1501,MATCH($A22*1000+14,Квартиры!$K$2:$K$1501,0))>0," +Г",""),"-")) | Q22: =IF($A22="","",IFERROR(IF(Настройки!$B$4="да",INDEX(Квартиры!$D$2:$D$1501,MATCH($A22*1000+15,Квартиры!$K$2:$K$1501,0))&" / ","")&INDEX(Квартиры!$H$2:$H$1501,MATCH($A22*1000+15,Квартиры!$K$2:$K$1501,0))&" СУ"&IF(INDEX(Квартиры!$I$2:$I$1501,MATCH($A22*1000+15,Квартиры!$K$2:$K$1501,0))>0," +У","")&IF(INDEX(Квартиры!$J$2:$J$1501,MATCH($A22*1000+15,Квартиры!$K$2:$K$1501,0))>0," +Г",""),"-")) | R22: =IF(A22="","",C22&"|"&D22&"|"&E22&"|"&F22&"|"&G22&"|"&H22&"|"&I22&"|"&J22&"|"&K22&"|"&L22&"|"&M22&"|"&N22&"|"&O22&"|"&P22&"|"&Q22) | S22: =IF(A22="","",IFERROR(LOOKUP(2,1/(B$2:B21=B22),S$2:S21)&", ","")&A22) | U22: =IF(20>MAX(B$3:B$82),"",20) | V22: =IF(U22="","",LOOKUP(2,1/(B$3:B$82=U22),S$3:S$82)) | W22: =IF(U22="","",COUNTIF(B$3:B$82,U22))
A23: =IFERROR(IF(A22="","",SMALL(Квартиры!$B$2:$B$1501,COUNTIF(Квартиры!$B$2:$B$1501,"<="&A22)+1)),"") | B23: =IF(A23="","",IF(COUNTIF(R$2:R22,R23)=0,MAX(B$2:B22)+1,INDEX(B$2:B22,MATCH(R23,R$2:R22,0)))) | C23: =IF($A23="","",IFERROR(IF(Настройки!$B$4="да",INDEX(Квартиры!$D$2:$D$1501,MATCH($A23*1000+1,Квартиры!$K$2:$K$1501,0))&" / ","")&INDEX(Квартиры!$H$2:$H$1501,MATCH($A23*1000+1,Квартиры!$K$2:$K$1501,0))&" СУ"&IF(INDEX(Квартиры!$I$2:$I$1501,MATCH($A23*1000+1,Квартиры!$K$2:$K$1501,0))>0," +У","")&IF(INDEX(Квартиры!$J$2:$J$1501,MATCH($A23*1000+1,Квартиры!$K$2:$K$1501,0))>0," +Г",""),"-")) | D23: =IF($A23="","",IFERROR(IF(Настройки!$B$4="да",INDEX(Квартиры!$D$2:$D$1501,MATCH($A23*1000+2,Квартиры!$K$2:$K$1501,0))&" / ","")&INDEX(Квартиры!$H$2:$H$1501,MATCH($A23*1000+2,Квартиры!$K$2:$K$1501,0))&" СУ"&IF(INDEX(Квартиры!$I$2:$I$1501,MATCH($A23*1000+2,Квартиры!$K$2:$K$1501,0))>0," +У","")&IF(INDEX(Квартиры!$J$2:$J$1501,MATCH($A23*1000+2,Квартиры!$K$2:$K$1501,0))>0," +Г",""),"-")) | E23: =IF($A23="","",IFERROR(IF(Настройки!$B$4="да",INDEX(Квартиры!$D$2:$D$1501,MATCH($A23*1000+3,Квартиры!$K$2:$K$1501,0))&" / ","")&INDEX(Квартиры!$H$2:$H$1501,MATCH($A23*1000+3,Квартиры!$K$2:$K$1501,0))&" СУ"&IF(INDEX(Квартиры!$I$2:$I$1501,MATCH($A23*1000+3,Квартиры!$K$2:$K$1501,0))>0," +У","")&IF(INDEX(Квартиры!$J$2:$J$1501,MATCH($A23*1000+3,Квартиры!$K$2:$K$1501,0))>0," +Г",""),"-")) | F23: =IF($A23="","",IFERROR(IF(Настройки!$B$4="да",INDEX(Квартиры!$D$2:$D$1501,MATCH($A23*1000+4,Квартиры!$K$2:$K$1501,0))&" / ","")&INDEX(Квартиры!$H$2:$H$1501,MATCH($A23*1000+4,Квартиры!$K$2:$K$1501,0))&" СУ"&IF(INDEX(Квартиры!$I$2:$I$1501,MATCH($A23*1000+4,Квартиры!$K$2:$K$1501,0))>0," +У","")&IF(INDEX(Квартиры!$J$2:$J$1501,MATCH($A23*1000+4,Квартиры!$K$2:$K$1501,0))>0," +Г",""),"-")) | G23: =IF($A23="","",IFERROR(IF(Настройки!$B$4="да",INDEX(Квартиры!$D$2:$D$1501,MATCH($A23*1000+5,Квартиры!$K$2:$K$1501,0))&" / ","")&INDEX(Квартиры!$H$2:$H$1501,MATCH($A23*1000+5,Квартиры!$K$2:$K$1501,0))&" СУ"&IF(INDEX(Квартиры!$I$2:$I$1501,MATCH($A23*1000+5,Квартиры!$K$2:$K$1501,0))>0," +У","")&IF(INDEX(Квартиры!$J$2:$J$1501,MATCH($A23*1000+5,Квартиры!$K$2:$K$1501,0))>0," +Г",""),"-")) | H23: =IF($A23="","",IFERROR(IF(Настройки!$B$4="да",INDEX(Квартиры!$D$2:$D$1501,MATCH($A23*1000+6,Квартиры!$K$2:$K$1501,0))&" / ","")&INDEX(Квартиры!$H$2:$H$1501,MATCH($A23*1000+6,Квартиры!$K$2:$K$1501,0))&" СУ"&IF(INDEX(Квартиры!$I$2:$I$1501,MATCH($A23*1000+6,Квартиры!$K$2:$K$1501,0))>0," +У","")&IF(INDEX(Квартиры!$J$2:$J$1501,MATCH($A23*1000+6,Квартиры!$K$2:$K$1501,0))>0," +Г",""),"-")) | I23: =IF($A23="","",IFERROR(IF(Настройки!$B$4="да",INDEX(Квартиры!$D$2:$D$1501,MATCH($A23*1000+7,Квартиры!$K$2:$K$1501,0))&" / ","")&INDEX(Квартиры!$H$2:$H$1501,MATCH($A23*1000+7,Квартиры!$K$2:$K$1501,0))&" СУ"&IF(INDEX(Квартиры!$I$2:$I$1501,MATCH($A23*1000+7,Квартиры!$K$2:$K$1501,0))>0," +У","")&IF(INDEX(Квартиры!$J$2:$J$1501,MATCH($A23*1000+7,Квартиры!$K$2:$K$1501,0))>0," +Г",""),"-")) | J23: =IF($A23="","",IFERROR(IF(Настройки!$B$4="да",INDEX(Квартиры!$D$2:$D$1501,MATCH($A23*1000+8,Квартиры!$K$2:$K$1501,0))&" / ","")&INDEX(Квартиры!$H$2:$H$1501,MATCH($A23*1000+8,Квартиры!$K$2:$K$1501,0))&" СУ"&IF(INDEX(Квартиры!$I$2:$I$1501,MATCH($A23*1000+8,Квартиры!$K$2:$K$1501,0))>0," +У","")&IF(INDEX(Квартиры!$J$2:$J$1501,MATCH($A23*1000+8,Квартиры!$K$2:$K$1501,0))>0," +Г",""),"-")) | K23: =IF($A23="","",IFERROR(IF(Настройки!$B$4="да",INDEX(Квартиры!$D$2:$D$1501,MATCH($A23*1000+9,Квартиры!$K$2:$K$1501,0))&" / ","")&INDEX(Квартиры!$H$2:$H$1501,MATCH($A23*1000+9,Квартиры!$K$2:$K$1501,0))&" СУ"&IF(INDEX(Квартиры!$I$2:$I$1501,MATCH($A23*1000+9,Квартиры!$K$2:$K$1501,0))>0," +У","")&IF(INDEX(Квартиры!$J$2:$J$1501,MATCH($A23*1000+9,Квартиры!$K$2:$K$1501,0))>0," +Г",""),"-")) | L23: =IF($A23="","",IFERROR(IF(Настройки!$B$4="да",INDEX(Квартиры!$D$2:$D$1501,MATCH($A23*1000+10,Квартиры!$K$2:$K$1501,0))&" / ","")&INDEX(Квартиры!$H$2:$H$1501,MATCH($A23*1000+10,Квартиры!$K$2:$K$1501,0))&" СУ"&IF(INDEX(Квартиры!$I$2:$I$1501,MATCH($A23*1000+10,Квартиры!$K$2:$K$1501,0))>0," +У","")&IF(INDEX(Квартиры!$J$2:$J$1501,MATCH($A23*1000+10,Квартиры!$K$2:$K$1501,0))>0," +Г",""),"-")) | M23: =IF($A23="","",IFERROR(IF(Настройки!$B$4="да",INDEX(Квартиры!$D$2:$D$1501,MATCH($A23*1000+11,Квартиры!$K$2:$K$1501,0))&" / ","")&INDEX(Квартиры!$H$2:$H$1501,MATCH($A23*1000+11,Квартиры!$K$2:$K$1501,0))&" СУ"&IF(INDEX(Квартиры!$I$2:$I$1501,MATCH($A23*1000+11,Квартиры!$K$2:$K$1501,0))>0," +У","")&IF(INDEX(Квартиры!$J$2:$J$1501,MATCH($A23*1000+11,Квартиры!$K$2:$K$1501,0))>0," +Г",""),"-")) | N23: =IF($A23="","",IFERROR(IF(Настройки!$B$4="да",INDEX(Квартиры!$D$2:$D$1501,MATCH($A23*1000+12,Квартиры!$K$2:$K$1501,0))&" / ","")&INDEX(Квартиры!$H$2:$H$1501,MATCH($A23*1000+12,Квартиры!$K$2:$K$1501,0))&" СУ"&IF(INDEX(Квартиры!$I$2:$I$1501,MATCH($A23*1000+12,Квартиры!$K$2:$K$1501,0))>0," +У","")&IF(INDEX(Квартиры!$J$2:$J$1501,MATCH($A23*1000+12,Квартиры!$K$2:$K$1501,0))>0," +Г",""),"-")) | O23: =IF($A23="","",IFERROR(IF(Настройки!$B$4="да",INDEX(Квартиры!$D$2:$D$1501,MATCH($A23*1000+13,Квартиры!$K$2:$K$1501,0))&" / ","")&INDEX(Квартиры!$H$2:$H$1501,MATCH($A23*1000+13,Квартиры!$K$2:$K$1501,0))&" СУ"&IF(INDEX(Квартиры!$I$2:$I$1501,MATCH($A23*1000+13,Квартиры!$K$2:$K$1501,0))>0," +У","")&IF(INDEX(Квартиры!$J$2:$J$1501,MATCH($A23*1000+13,Квартиры!$K$2:$K$1501,0))>0," +Г",""),"-")) | P23: =IF($A23="","",IFERROR(IF(Настройки!$B$4="да",INDEX(Квартиры!$D$2:$D$1501,MATCH($A23*1000+14,Квартиры!$K$2:$K$1501,0))&" / ","")&INDEX(Квартиры!$H$2:$H$1501,MATCH($A23*1000+14,Квартиры!$K$2:$K$1501,0))&" СУ"&IF(INDEX(Квартиры!$I$2:$I$1501,MATCH($A23*1000+14,Квартиры!$K$2:$K$1501,0))>0," +У","")&IF(INDEX(Квартиры!$J$2:$J$1501,MATCH($A23*1000+14,Квартиры!$K$2:$K$1501,0))>0," +Г",""),"-")) | Q23: =IF($A23="","",IFERROR(IF(Настройки!$B$4="да",INDEX(Квартиры!$D$2:$D$1501,MATCH($A23*1000+15,Квартиры!$K$2:$K$1501,0))&" / ","")&INDEX(Квартиры!$H$2:$H$1501,MATCH($A23*1000+15,Квартиры!$K$2:$K$1501,0))&" СУ"&IF(INDEX(Квартиры!$I$2:$I$1501,MATCH($A23*1000+15,Квартиры!$K$2:$K$1501,0))>0," +У","")&IF(INDEX(Квартиры!$J$2:$J$1501,MATCH($A23*1000+15,Квартиры!$K$2:$K$1501,0))>0," +Г",""),"-")) | R23: =IF(A23="","",C23&"|"&D23&"|"&E23&"|"&F23&"|"&G23&"|"&H23&"|"&I23&"|"&J23&"|"&K23&"|"&L23&"|"&M23&"|"&N23&"|"&O23&"|"&P23&"|"&Q23) | S23: =IF(A23="","",IFERROR(LOOKUP(2,1/(B$2:B22=B23),S$2:S22)&", ","")&A23) | U23: =IF(21>MAX(B$3:B$82),"",21) | V23: =IF(U23="","",LOOKUP(2,1/(B$3:B$82=U23),S$3:S$82)) | W23: =IF(U23="","",COUNTIF(B$3:B$82,U23))
A24: =IFERROR(IF(A23="","",SMALL(Квартиры!$B$2:$B$1501,COUNTIF(Квартиры!$B$2:$B$1501,"<="&A23)+1)),"") | B24: =IF(A24="","",IF(COUNTIF(R$2:R23,R24)=0,MAX(B$2:B23)+1,INDEX(B$2:B23,MATCH(R24,R$2:R23,0)))) | C24: =IF($A24="","",IFERROR(IF(Настройки!$B$4="да",INDEX(Квартиры!$D$2:$D$1501,MATCH($A24*1000+1,Квартиры!$K$2:$K$1501,0))&" / ","")&INDEX(Квартиры!$H$2:$H$1501,MATCH($A24*1000+1,Квартиры!$K$2:$K$1501,0))&" СУ"&IF(INDEX(Квартиры!$I$2:$I$1501,MATCH($A24*1000+1,Квартиры!$K$2:$K$1501,0))>0," +У","")&IF(INDEX(Квартиры!$J$2:$J$1501,MATCH($A24*1000+1,Квартиры!$K$2:$K$1501,0))>0," +Г",""),"-")) | D24: =IF($A24="","",IFERROR(IF(Настройки!$B$4="да",INDEX(Квартиры!$D$2:$D$1501,MATCH($A24*1000+2,Квартиры!$K$2:$K$1501,0))&" / ","")&INDEX(Квартиры!$H$2:$H$1501,MATCH($A24*1000+2,Квартиры!$K$2:$K$1501,0))&" СУ"&IF(INDEX(Квартиры!$I$2:$I$1501,MATCH($A24*1000+2,Квартиры!$K$2:$K$1501,0))>0," +У","")&IF(INDEX(Квартиры!$J$2:$J$1501,MATCH($A24*1000+2,Квартиры!$K$2:$K$1501,0))>0," +Г",""),"-")) | E24: =IF($A24="","",IFERROR(IF(Настройки!$B$4="да",INDEX(Квартиры!$D$2:$D$1501,MATCH($A24*1000+3,Квартиры!$K$2:$K$1501,0))&" / ","")&INDEX(Квартиры!$H$2:$H$1501,MATCH($A24*1000+3,Квартиры!$K$2:$K$1501,0))&" СУ"&IF(INDEX(Квартиры!$I$2:$I$1501,MATCH($A24*1000+3,Квартиры!$K$2:$K$1501,0))>0," +У","")&IF(INDEX(Квартиры!$J$2:$J$1501,MATCH($A24*1000+3,Квартиры!$K$2:$K$1501,0))>0," +Г",""),"-")) | F24: =IF($A24="","",IFERROR(IF(Настройки!$B$4="да",INDEX(Квартиры!$D$2:$D$1501,MATCH($A24*1000+4,Квартиры!$K$2:$K$1501,0))&" / ","")&INDEX(Квартиры!$H$2:$H$1501,MATCH($A24*1000+4,Квартиры!$K$2:$K$1501,0))&" СУ"&IF(INDEX(Квартиры!$I$2:$I$1501,MATCH($A24*1000+4,Квартиры!$K$2:$K$1501,0))>0," +У","")&IF(INDEX(Квартиры!$J$2:$J$1501,MATCH($A24*1000+4,Квартиры!$K$2:$K$1501,0))>0," +Г",""),"-")) | G24: =IF($A24="","",IFERROR(IF(Настройки!$B$4="да",INDEX(Квартиры!$D$2:$D$1501,MATCH($A24*1000+5,Квартиры!$K$2:$K$1501,0))&" / ","")&INDEX(Квартиры!$H$2:$H$1501,MATCH($A24*1000+5,Квартиры!$K$2:$K$1501,0))&" СУ"&IF(INDEX(Квартиры!$I$2:$I$1501,MATCH($A24*1000+5,Квартиры!$K$2:$K$1501,0))>0," +У","")&IF(INDEX(Квартиры!$J$2:$J$1501,MATCH($A24*1000+5,Квартиры!$K$2:$K$1501,0))>0," +Г",""),"-")) | H24: =IF($A24="","",IFERROR(IF(Настройки!$B$4="да",INDEX(Квартиры!$D$2:$D$1501,MATCH($A24*1000+6,Квартиры!$K$2:$K$1501,0))&" / ","")&INDEX(Квартиры!$H$2:$H$1501,MATCH($A24*1000+6,Квартиры!$K$2:$K$1501,0))&" СУ"&IF(INDEX(Квартиры!$I$2:$I$1501,MATCH($A24*1000+6,Квартиры!$K$2:$K$1501,0))>0," +У","")&IF(INDEX(Квартиры!$J$2:$J$1501,MATCH($A24*1000+6,Квартиры!$K$2:$K$1501,0))>0," +Г",""),"-")) | I24: =IF($A24="","",IFERROR(IF(Настройки!$B$4="да",INDEX(Квартиры!$D$2:$D$1501,MATCH($A24*1000+7,Квартиры!$K$2:$K$1501,0))&" / ","")&INDEX(Квартиры!$H$2:$H$1501,MATCH($A24*1000+7,Квартиры!$K$2:$K$1501,0))&" СУ"&IF(INDEX(Квартиры!$I$2:$I$1501,MATCH($A24*1000+7,Квартиры!$K$2:$K$1501,0))>0," +У","")&IF(INDEX(Квартиры!$J$2:$J$1501,MATCH($A24*1000+7,Квартиры!$K$2:$K$1501,0))>0," +Г",""),"-")) | J24: =IF($A24="","",IFERROR(IF(Настройки!$B$4="да",INDEX(Квартиры!$D$2:$D$1501,MATCH($A24*1000+8,Квартиры!$K$2:$K$1501,0))&" / ","")&INDEX(Квартиры!$H$2:$H$1501,MATCH($A24*1000+8,Квартиры!$K$2:$K$1501,0))&" СУ"&IF(INDEX(Квартиры!$I$2:$I$1501,MATCH($A24*1000+8,Квартиры!$K$2:$K$1501,0))>0," +У","")&IF(INDEX(Квартиры!$J$2:$J$1501,MATCH($A24*1000+8,Квартиры!$K$2:$K$1501,0))>0," +Г",""),"-")) | K24: =IF($A24="","",IFERROR(IF(Настройки!$B$4="да",INDEX(Квартиры!$D$2:$D$1501,MATCH($A24*1000+9,Квартиры!$K$2:$K$1501,0))&" / ","")&INDEX(Квартиры!$H$2:$H$1501,MATCH($A24*1000+9,Квартиры!$K$2:$K$1501,0))&" СУ"&IF(INDEX(Квартиры!$I$2:$I$1501,MATCH($A24*1000+9,Квартиры!$K$2:$K$1501,0))>0," +У","")&IF(INDEX(Квартиры!$J$2:$J$1501,MATCH($A24*1000+9,Квартиры!$K$2:$K$1501,0))>0," +Г",""),"-")) | L24: =IF($A24="","",IFERROR(IF(Настройки!$B$4="да",INDEX(Квартиры!$D$2:$D$1501,MATCH($A24*1000+10,Квартиры!$K$2:$K$1501,0))&" / ","")&INDEX(Квартиры!$H$2:$H$1501,MATCH($A24*1000+10,Квартиры!$K$2:$K$1501,0))&" СУ"&IF(INDEX(Квартиры!$I$2:$I$1501,MATCH($A24*1000+10,Квартиры!$K$2:$K$1501,0))>0," +У","")&IF(INDEX(Квартиры!$J$2:$J$1501,MATCH($A24*1000+10,Квартиры!$K$2:$K$1501,0))>0," +Г",""),"-")) | M24: =IF($A24="","",IFERROR(IF(Настройки!$B$4="да",INDEX(Квартиры!$D$2:$D$1501,MATCH($A24*1000+11,Квартиры!$K$2:$K$1501,0))&" / ","")&INDEX(Квартиры!$H$2:$H$1501,MATCH($A24*1000+11,Квартиры!$K$2:$K$1501,0))&" СУ"&IF(INDEX(Квартиры!$I$2:$I$1501,MATCH($A24*1000+11,Квартиры!$K$2:$K$1501,0))>0," +У","")&IF(INDEX(Квартиры!$J$2:$J$1501,MATCH($A24*1000+11,Квартиры!$K$2:$K$1501,0))>0," +Г",""),"-")) | N24: =IF($A24="","",IFERROR(IF(Настройки!$B$4="да",INDEX(Квартиры!$D$2:$D$1501,MATCH($A24*1000+12,Квартиры!$K$2:$K$1501,0))&" / ","")&INDEX(Квартиры!$H$2:$H$1501,MATCH($A24*1000+12,Квартиры!$K$2:$K$1501,0))&" СУ"&IF(INDEX(Квартиры!$I$2:$I$1501,MATCH($A24*1000+12,Квартиры!$K$2:$K$1501,0))>0," +У","")&IF(INDEX(Квартиры!$J$2:$J$1501,MATCH($A24*1000+12,Квартиры!$K$2:$K$1501,0))>0," +Г",""),"-")) | O24: =IF($A24="","",IFERROR(IF(Настройки!$B$4="да",INDEX(Квартиры!$D$2:$D$1501,MATCH($A24*1000+13,Квартиры!$K$2:$K$1501,0))&" / ","")&INDEX(Квартиры!$H$2:$H$1501,MATCH($A24*1000+13,Квартиры!$K$2:$K$1501,0))&" СУ"&IF(INDEX(Квартиры!$I$2:$I$1501,MATCH($A24*1000+13,Квартиры!$K$2:$K$1501,0))>0," +У","")&IF(INDEX(Квартиры!$J$2:$J$1501,MATCH($A24*1000+13,Квартиры!$K$2:$K$1501,0))>0," +Г",""),"-")) | P24: =IF($A24="","",IFERROR(IF(Настройки!$B$4="да",INDEX(Квартиры!$D$2:$D$1501,MATCH($A24*1000+14,Квартиры!$K$2:$K$1501,0))&" / ","")&INDEX(Квартиры!$H$2:$H$1501,MATCH($A24*1000+14,Квартиры!$K$2:$K$1501,0))&" СУ"&IF(INDEX(Квартиры!$I$2:$I$1501,MATCH($A24*1000+14,Квартиры!$K$2:$K$1501,0))>0," +У","")&IF(INDEX(Квартиры!$J$2:$J$1501,MATCH($A24*1000+14,Квартиры!$K$2:$K$1501,0))>0," +Г",""),"-")) | Q24: =IF($A24="","",IFERROR(IF(Настройки!$B$4="да",INDEX(Квартиры!$D$2:$D$1501,MATCH($A24*1000+15,Квартиры!$K$2:$K$1501,0))&" / ","")&INDEX(Квартиры!$H$2:$H$1501,MATCH($A24*1000+15,Квартиры!$K$2:$K$1501,0))&" СУ"&IF(INDEX(Квартиры!$I$2:$I$1501,MATCH($A24*1000+15,Квартиры!$K$2:$K$1501,0))>0," +У","")&IF(INDEX(Квартиры!$J$2:$J$1501,MATCH($A24*1000+15,Квартиры!$K$2:$K$1501,0))>0," +Г",""),"-")) | R24: =IF(A24="","",C24&"|"&D24&"|"&E24&"|"&F24&"|"&G24&"|"&H24&"|"&I24&"|"&J24&"|"&K24&"|"&L24&"|"&M24&"|"&N24&"|"&O24&"|"&P24&"|"&Q24) | S24: =IF(A24="","",IFERROR(LOOKUP(2,1/(B$2:B23=B24),S$2:S23)&", ","")&A24) | U24: =IF(22>MAX(B$3:B$82),"",22) | V24: =IF(U24="","",LOOKUP(2,1/(B$3:B$82=U24),S$3:S$82)) | W24: =IF(U24="","",COUNTIF(B$3:B$82,U24))
A25: =IFERROR(IF(A24="","",SMALL(Квартиры!$B$2:$B$1501,COUNTIF(Квартиры!$B$2:$B$1501,"<="&A24)+1)),"") | B25: =IF(A25="","",IF(COUNTIF(R$2:R24,R25)=0,MAX(B$2:B24)+1,INDEX(B$2:B24,MATCH(R25,R$2:R24,0)))) | C25: =IF($A25="","",IFERROR(IF(Настройки!$B$4="да",INDEX(Квартиры!$D$2:$D$1501,MATCH($A25*1000+1,Квартиры!$K$2:$K$1501,0))&" / ","")&INDEX(Квартиры!$H$2:$H$1501,MATCH($A25*1000+1,Квартиры!$K$2:$K$1501,0))&" СУ"&IF(INDEX(Квартиры!$I$2:$I$1501,MATCH($A25*1000+1,Квартиры!$K$2:$K$1501,0))>0," +У","")&IF(INDEX(Квартиры!$J$2:$J$1501,MATCH($A25*1000+1,Квартиры!$K$2:$K$1501,0))>0," +Г",""),"-")) | D25: =IF($A25="","",IFERROR(IF(Настройки!$B$4="да",INDEX(Квартиры!$D$2:$D$1501,MATCH($A25*1000+2,Квартиры!$K$2:$K$1501,0))&" / ","")&INDEX(Квартиры!$H$2:$H$1501,MATCH($A25*1000+2,Квартиры!$K$2:$K$1501,0))&" СУ"&IF(INDEX(Квартиры!$I$2:$I$1501,MATCH($A25*1000+2,Квартиры!$K$2:$K$1501,0))>0," +У","")&IF(INDEX(Квартиры!$J$2:$J$1501,MATCH($A25*1000+2,Квартиры!$K$2:$K$1501,0))>0," +Г",""),"-")) | E25: =IF($A25="","",IFERROR(IF(Настройки!$B$4="да",INDEX(Квартиры!$D$2:$D$1501,MATCH($A25*1000+3,Квартиры!$K$2:$K$1501,0))&" / ","")&INDEX(Квартиры!$H$2:$H$1501,MATCH($A25*1000+3,Квартиры!$K$2:$K$1501,0))&" СУ"&IF(INDEX(Квартиры!$I$2:$I$1501,MATCH($A25*1000+3,Квартиры!$K$2:$K$1501,0))>0," +У","")&IF(INDEX(Квартиры!$J$2:$J$1501,MATCH($A25*1000+3,Квартиры!$K$2:$K$1501,0))>0," +Г",""),"-")) | F25: =IF($A25="","",IFERROR(IF(Настройки!$B$4="да",INDEX(Квартиры!$D$2:$D$1501,MATCH($A25*1000+4,Квартиры!$K$2:$K$1501,0))&" / ","")&INDEX(Квартиры!$H$2:$H$1501,MATCH($A25*1000+4,Квартиры!$K$2:$K$1501,0))&" СУ"&IF(INDEX(Квартиры!$I$2:$I$1501,MATCH($A25*1000+4,Квартиры!$K$2:$K$1501,0))>0," +У","")&IF(INDEX(Квартиры!$J$2:$J$1501,MATCH($A25*1000+4,Квартиры!$K$2:$K$1501,0))>0," +Г",""),"-")) | G25: =IF($A25="","",IFERROR(IF(Настройки!$B$4="да",INDEX(Квартиры!$D$2:$D$1501,MATCH($A25*1000+5,Квартиры!$K$2:$K$1501,0))&" / ","")&INDEX(Квартиры!$H$2:$H$1501,MATCH($A25*1000+5,Квартиры!$K$2:$K$1501,0))&" СУ"&IF(INDEX(Квартиры!$I$2:$I$1501,MATCH($A25*1000+5,Квартиры!$K$2:$K$1501,0))>0," +У","")&IF(INDEX(Квартиры!$J$2:$J$1501,MATCH($A25*1000+5,Квартиры!$K$2:$K$1501,0))>0," +Г",""),"-")) | H25: =IF($A25="","",IFERROR(IF(Настройки!$B$4="да",INDEX(Квартиры!$D$2:$D$1501,MATCH($A25*1000+6,Квартиры!$K$2:$K$1501,0))&" / ","")&INDEX(Квартиры!$H$2:$H$1501,MATCH($A25*1000+6,Квартиры!$K$2:$K$1501,0))&" СУ"&IF(INDEX(Квартиры!$I$2:$I$1501,MATCH($A25*1000+6,Квартиры!$K$2:$K$1501,0))>0," +У","")&IF(INDEX(Квартиры!$J$2:$J$1501,MATCH($A25*1000+6,Квартиры!$K$2:$K$1501,0))>0," +Г",""),"-")) | I25: =IF($A25="","",IFERROR(IF(Настройки!$B$4="да",INDEX(Квартиры!$D$2:$D$1501,MATCH($A25*1000+7,Квартиры!$K$2:$K$1501,0))&" / ","")&INDEX(Квартиры!$H$2:$H$1501,MATCH($A25*1000+7,Квартиры!$K$2:$K$1501,0))&" СУ"&IF(INDEX(Квартиры!$I$2:$I$1501,MATCH($A25*1000+7,Квартиры!$K$2:$K$1501,0))>0," +У","")&IF(INDEX(Квартиры!$J$2:$J$1501,MATCH($A25*1000+7,Квартиры!$K$2:$K$1501,0))>0," +Г",""),"-")) | J25: =IF($A25="","",IFERROR(IF(Настройки!$B$4="да",INDEX(Квартиры!$D$2:$D$1501,MATCH($A25*1000+8,Квартиры!$K$2:$K$1501,0))&" / ","")&INDEX(Квартиры!$H$2:$H$1501,MATCH($A25*1000+8,Квартиры!$K$2:$K$1501,0))&" СУ"&IF(INDEX(Квартиры!$I$2:$I$1501,MATCH($A25*1000+8,Квартиры!$K$2:$K$1501,0))>0," +У","")&IF(INDEX(Квартиры!$J$2:$J$1501,MATCH($A25*1000+8,Квартиры!$K$2:$K$1501,0))>0," +Г",""),"-")) | K25: =IF($A25="","",IFERROR(IF(Настройки!$B$4="да",INDEX(Квартиры!$D$2:$D$1501,MATCH($A25*1000+9,Квартиры!$K$2:$K$1501,0))&" / ","")&INDEX(Квартиры!$H$2:$H$1501,MATCH($A25*1000+9,Квартиры!$K$2:$K$1501,0))&" СУ"&IF(INDEX(Квартиры!$I$2:$I$1501,MATCH($A25*1000+9,Квартиры!$K$2:$K$1501,0))>0," +У","")&IF(INDEX(Квартиры!$J$2:$J$1501,MATCH($A25*1000+9,Квартиры!$K$2:$K$1501,0))>0," +Г",""),"-")) | L25: =IF($A25="","",IFERROR(IF(Настройки!$B$4="да",INDEX(Квартиры!$D$2:$D$1501,MATCH($A25*1000+10,Квартиры!$K$2:$K$1501,0))&" / ","")&INDEX(Квартиры!$H$2:$H$1501,MATCH($A25*1000+10,Квартиры!$K$2:$K$1501,0))&" СУ"&IF(INDEX(Квартиры!$I$2:$I$1501,MATCH($A25*1000+10,Квартиры!$K$2:$K$1501,0))>0," +У","")&IF(INDEX(Квартиры!$J$2:$J$1501,MATCH($A25*1000+10,Квартиры!$K$2:$K$1501,0))>0," +Г",""),"-")) | M25: =IF($A25="","",IFERROR(IF(Настройки!$B$4="да",INDEX(Квартиры!$D$2:$D$1501,MATCH($A25*1000+11,Квартиры!$K$2:$K$1501,0))&" / ","")&INDEX(Квартиры!$H$2:$H$1501,MATCH($A25*1000+11,Квартиры!$K$2:$K$1501,0))&" СУ"&IF(INDEX(Квартиры!$I$2:$I$1501,MATCH($A25*1000+11,Квартиры!$K$2:$K$1501,0))>0," +У","")&IF(INDEX(Квартиры!$J$2:$J$1501,MATCH($A25*1000+11,Квартиры!$K$2:$K$1501,0))>0," +Г",""),"-")) | N25: =IF($A25="","",IFERROR(IF(Настройки!$B$4="да",INDEX(Квартиры!$D$2:$D$1501,MATCH($A25*1000+12,Квартиры!$K$2:$K$1501,0))&" / ","")&INDEX(Квартиры!$H$2:$H$1501,MATCH($A25*1000+12,Квартиры!$K$2:$K$1501,0))&" СУ"&IF(INDEX(Квартиры!$I$2:$I$1501,MATCH($A25*1000+12,Квартиры!$K$2:$K$1501,0))>0," +У","")&IF(INDEX(Квартиры!$J$2:$J$1501,MATCH($A25*1000+12,Квартиры!$K$2:$K$1501,0))>0," +Г",""),"-")) | O25: =IF($A25="","",IFERROR(IF(Настройки!$B$4="да",INDEX(Квартиры!$D$2:$D$1501,MATCH($A25*1000+13,Квартиры!$K$2:$K$1501,0))&" / ","")&INDEX(Квартиры!$H$2:$H$1501,MATCH($A25*1000+13,Квартиры!$K$2:$K$1501,0))&" СУ"&IF(INDEX(Квартиры!$I$2:$I$1501,MATCH($A25*1000+13,Квартиры!$K$2:$K$1501,0))>0," +У","")&IF(INDEX(Квартиры!$J$2:$J$1501,MATCH($A25*1000+13,Квартиры!$K$2:$K$1501,0))>0," +Г",""),"-")) | P25: =IF($A25="","",IFERROR(IF(Настройки!$B$4="да",INDEX(Квартиры!$D$2:$D$1501,MATCH($A25*1000+14,Квартиры!$K$2:$K$1501,0))&" / ","")&INDEX(Квартиры!$H$2:$H$1501,MATCH($A25*1000+14,Квартиры!$K$2:$K$1501,0))&" СУ"&IF(INDEX(Квартиры!$I$2:$I$1501,MATCH($A25*1000+14,Квартиры!$K$2:$K$1501,0))>0," +У","")&IF(INDEX(Квартиры!$J$2:$J$1501,MATCH($A25*1000+14,Квартиры!$K$2:$K$1501,0))>0," +Г",""),"-")) | Q25: =IF($A25="","",IFERROR(IF(Настройки!$B$4="да",INDEX(Квартиры!$D$2:$D$1501,MATCH($A25*1000+15,Квартиры!$K$2:$K$1501,0))&" / ","")&INDEX(Квартиры!$H$2:$H$1501,MATCH($A25*1000+15,Квартиры!$K$2:$K$1501,0))&" СУ"&IF(INDEX(Квартиры!$I$2:$I$1501,MATCH($A25*1000+15,Квартиры!$K$2:$K$1501,0))>0," +У","")&IF(INDEX(Квартиры!$J$2:$J$1501,MATCH($A25*1000+15,Квартиры!$K$2:$K$1501,0))>0," +Г",""),"-")) | R25: =IF(A25="","",C25&"|"&D25&"|"&E25&"|"&F25&"|"&G25&"|"&H25&"|"&I25&"|"&J25&"|"&K25&"|"&L25&"|"&M25&"|"&N25&"|"&O25&"|"&P25&"|"&Q25) | S25: =IF(A25="","",IFERROR(LOOKUP(2,1/(B$2:B24=B25),S$2:S24)&", ","")&A25) | U25: =IF(23>MAX(B$3:B$82),"",23) | V25: =IF(U25="","",LOOKUP(2,1/(B$3:B$82=U25),S$3:S$82)) | W25: =IF(U25="","",COUNTIF(B$3:B$82,U25))
A26: =IFERROR(IF(A25="","",SMALL(Квартиры!$B$2:$B$1501,COUNTIF(Квартиры!$B$2:$B$1501,"<="&A25)+1)),"") | B26: =IF(A26="","",IF(COUNTIF(R$2:R25,R26)=0,MAX(B$2:B25)+1,INDEX(B$2:B25,MATCH(R26,R$2:R25,0)))) | C26: =IF($A26="","",IFERROR(IF(Настройки!$B$4="да",INDEX(Квартиры!$D$2:$D$1501,MATCH($A26*1000+1,Квартиры!$K$2:$K$1501,0))&" / ","")&INDEX(Квартиры!$H$2:$H$1501,MATCH($A26*1000+1,Квартиры!$K$2:$K$1501,0))&" СУ"&IF(INDEX(Квартиры!$I$2:$I$1501,MATCH($A26*1000+1,Квартиры!$K$2:$K$1501,0))>0," +У","")&IF(INDEX(Квартиры!$J$2:$J$1501,MATCH($A26*1000+1,Квартиры!$K$2:$K$1501,0))>0," +Г",""),"-")) | D26: =IF($A26="","",IFERROR(IF(Настройки!$B$4="да",INDEX(Квартиры!$D$2:$D$1501,MATCH($A26*1000+2,Квартиры!$K$2:$K$1501,0))&" / ","")&INDEX(Квартиры!$H$2:$H$1501,MATCH($A26*1000+2,Квартиры!$K$2:$K$1501,0))&" СУ"&IF(INDEX(Квартиры!$I$2:$I$1501,MATCH($A26*1000+2,Квартиры!$K$2:$K$1501,0))>0," +У","")&IF(INDEX(Квартиры!$J$2:$J$1501,MATCH($A26*1000+2,Квартиры!$K$2:$K$1501,0))>0," +Г",""),"-")) | E26: =IF($A26="","",IFERROR(IF(Настройки!$B$4="да",INDEX(Квартиры!$D$2:$D$1501,MATCH($A26*1000+3,Квартиры!$K$2:$K$1501,0))&" / ","")&INDEX(Квартиры!$H$2:$H$1501,MATCH($A26*1000+3,Квартиры!$K$2:$K$1501,0))&" СУ"&IF(INDEX(Квартиры!$I$2:$I$1501,MATCH($A26*1000+3,Квартиры!$K$2:$K$1501,0))>0," +У","")&IF(INDEX(Квартиры!$J$2:$J$1501,MATCH($A26*1000+3,Квартиры!$K$2:$K$1501,0))>0," +Г",""),"-")) | F26: =IF($A26="","",IFERROR(IF(Настройки!$B$4="да",INDEX(Квартиры!$D$2:$D$1501,MATCH($A26*1000+4,Квартиры!$K$2:$K$1501,0))&" / ","")&INDEX(Квартиры!$H$2:$H$1501,MATCH($A26*1000+4,Квартиры!$K$2:$K$1501,0))&" СУ"&IF(INDEX(Квартиры!$I$2:$I$1501,MATCH($A26*1000+4,Квартиры!$K$2:$K$1501,0))>0," +У","")&IF(INDEX(Квартиры!$J$2:$J$1501,MATCH($A26*1000+4,Квартиры!$K$2:$K$1501,0))>0," +Г",""),"-")) | G26: =IF($A26="","",IFERROR(IF(Настройки!$B$4="да",INDEX(Квартиры!$D$2:$D$1501,MATCH($A26*1000+5,Квартиры!$K$2:$K$1501,0))&" / ","")&INDEX(Квартиры!$H$2:$H$1501,MATCH($A26*1000+5,Квартиры!$K$2:$K$1501,0))&" СУ"&IF(INDEX(Квартиры!$I$2:$I$1501,MATCH($A26*1000+5,Квартиры!$K$2:$K$1501,0))>0," +У","")&IF(INDEX(Квартиры!$J$2:$J$1501,MATCH($A26*1000+5,Квартиры!$K$2:$K$1501,0))>0," +Г",""),"-")) | H26: =IF($A26="","",IFERROR(IF(Настройки!$B$4="да",INDEX(Квартиры!$D$2:$D$1501,MATCH($A26*1000+6,Квартиры!$K$2:$K$1501,0))&" / ","")&INDEX(Квартиры!$H$2:$H$1501,MATCH($A26*1000+6,Квартиры!$K$2:$K$1501,0))&" СУ"&IF(INDEX(Квартиры!$I$2:$I$1501,MATCH($A26*1000+6,Квартиры!$K$2:$K$1501,0))>0," +У","")&IF(INDEX(Квартиры!$J$2:$J$1501,MATCH($A26*1000+6,Квартиры!$K$2:$K$1501,0))>0," +Г",""),"-")) | I26: =IF($A26="","",IFERROR(IF(Настройки!$B$4="да",INDEX(Квартиры!$D$2:$D$1501,MATCH($A26*1000+7,Квартиры!$K$2:$K$1501,0))&" / ","")&INDEX(Квартиры!$H$2:$H$1501,MATCH($A26*1000+7,Квартиры!$K$2:$K$1501,0))&" СУ"&IF(INDEX(Квартиры!$I$2:$I$1501,MATCH($A26*1000+7,Квартиры!$K$2:$K$1501,0))>0," +У","")&IF(INDEX(Квартиры!$J$2:$J$1501,MATCH($A26*1000+7,Квартиры!$K$2:$K$1501,0))>0," +Г",""),"-")) | J26: =IF($A26="","",IFERROR(IF(Настройки!$B$4="да",INDEX(Квартиры!$D$2:$D$1501,MATCH($A26*1000+8,Квартиры!$K$2:$K$1501,0))&" / ","")&INDEX(Квартиры!$H$2:$H$1501,MATCH($A26*1000+8,Квартиры!$K$2:$K$1501,0))&" СУ"&IF(INDEX(Квартиры!$I$2:$I$1501,MATCH($A26*1000+8,Квартиры!$K$2:$K$1501,0))>0," +У","")&IF(INDEX(Квартиры!$J$2:$J$1501,MATCH($A26*1000+8,Квартиры!$K$2:$K$1501,0))>0," +Г",""),"-")) | K26: =IF($A26="","",IFERROR(IF(Настройки!$B$4="да",INDEX(Квартиры!$D$2:$D$1501,MATCH($A26*1000+9,Квартиры!$K$2:$K$1501,0))&" / ","")&INDEX(Квартиры!$H$2:$H$1501,MATCH($A26*1000+9,Квартиры!$K$2:$K$1501,0))&" СУ"&IF(INDEX(Квартиры!$I$2:$I$1501,MATCH($A26*1000+9,Квартиры!$K$2:$K$1501,0))>0," +У","")&IF(INDEX(Квартиры!$J$2:$J$1501,MATCH($A26*1000+9,Квартиры!$K$2:$K$1501,0))>0," +Г",""),"-")) | L26: =IF($A26="","",IFERROR(IF(Настройки!$B$4="да",INDEX(Квартиры!$D$2:$D$1501,MATCH($A26*1000+10,Квартиры!$K$2:$K$1501,0))&" / ","")&INDEX(Квартиры!$H$2:$H$1501,MATCH($A26*1000+10,Квартиры!$K$2:$K$1501,0))&" СУ"&IF(INDEX(Квартиры!$I$2:$I$1501,MATCH($A26*1000+10,Квартиры!$K$2:$K$1501,0))>0," +У","")&IF(INDEX(Квартиры!$J$2:$J$1501,MATCH($A26*1000+10,Квартиры!$K$2:$K$1501,0))>0," +Г",""),"-")) | M26: =IF($A26="","",IFERROR(IF(Настройки!$B$4="да",INDEX(Квартиры!$D$2:$D$1501,MATCH($A26*1000+11,Квартиры!$K$2:$K$1501,0))&" / ","")&INDEX(Квартиры!$H$2:$H$1501,MATCH($A26*1000+11,Квартиры!$K$2:$K$1501,0))&" СУ"&IF(INDEX(Квартиры!$I$2:$I$1501,MATCH($A26*1000+11,Квартиры!$K$2:$K$1501,0))>0," +У","")&IF(INDEX(Квартиры!$J$2:$J$1501,MATCH($A26*1000+11,Квартиры!$K$2:$K$1501,0))>0," +Г",""),"-")) | N26: =IF($A26="","",IFERROR(IF(Настройки!$B$4="да",INDEX(Квартиры!$D$2:$D$1501,MATCH($A26*1000+12,Квартиры!$K$2:$K$1501,0))&" / ","")&INDEX(Квартиры!$H$2:$H$1501,MATCH($A26*1000+12,Квартиры!$K$2:$K$1501,0))&" СУ"&IF(INDEX(Квартиры!$I$2:$I$1501,MATCH($A26*1000+12,Квартиры!$K$2:$K$1501,0))>0," +У","")&IF(INDEX(Квартиры!$J$2:$J$1501,MATCH($A26*1000+12,Квартиры!$K$2:$K$1501,0))>0," +Г",""),"-")) | O26: =IF($A26="","",IFERROR(IF(Настройки!$B$4="да",INDEX(Квартиры!$D$2:$D$1501,MATCH($A26*1000+13,Квартиры!$K$2:$K$1501,0))&" / ","")&INDEX(Квартиры!$H$2:$H$1501,MATCH($A26*1000+13,Квартиры!$K$2:$K$1501,0))&" СУ"&IF(INDEX(Квартиры!$I$2:$I$1501,MATCH($A26*1000+13,Квартиры!$K$2:$K$1501,0))>0," +У","")&IF(INDEX(Квартиры!$J$2:$J$1501,MATCH($A26*1000+13,Квартиры!$K$2:$K$1501,0))>0," +Г",""),"-")) | P26: =IF($A26="","",IFERROR(IF(Настройки!$B$4="да",INDEX(Квартиры!$D$2:$D$1501,MATCH($A26*1000+14,Квартиры!$K$2:$K$1501,0))&" / ","")&INDEX(Квартиры!$H$2:$H$1501,MATCH($A26*1000+14,Квартиры!$K$2:$K$1501,0))&" СУ"&IF(INDEX(Квартиры!$I$2:$I$1501,MATCH($A26*1000+14,Квартиры!$K$2:$K$1501,0))>0," +У","")&IF(INDEX(Квартиры!$J$2:$J$1501,MATCH($A26*1000+14,Квартиры!$K$2:$K$1501,0))>0," +Г",""),"-")) | Q26: =IF($A26="","",IFERROR(IF(Настройки!$B$4="да",INDEX(Квартиры!$D$2:$D$1501,MATCH($A26*1000+15,Квартиры!$K$2:$K$1501,0))&" / ","")&INDEX(Квартиры!$H$2:$H$1501,MATCH($A26*1000+15,Квартиры!$K$2:$K$1501,0))&" СУ"&IF(INDEX(Квартиры!$I$2:$I$1501,MATCH($A26*1000+15,Квартиры!$K$2:$K$1501,0))>0," +У","")&IF(INDEX(Квартиры!$J$2:$J$1501,MATCH($A26*1000+15,Квартиры!$K$2:$K$1501,0))>0," +Г",""),"-")) | R26: =IF(A26="","",C26&"|"&D26&"|"&E26&"|"&F26&"|"&G26&"|"&H26&"|"&I26&"|"&J26&"|"&K26&"|"&L26&"|"&M26&"|"&N26&"|"&O26&"|"&P26&"|"&Q26) | S26: =IF(A26="","",IFERROR(LOOKUP(2,1/(B$2:B25=B26),S$2:S25)&", ","")&A26) | U26: =IF(24>MAX(B$3:B$82),"",24) | V26: =IF(U26="","",LOOKUP(2,1/(B$3:B$82=U26),S$3:S$82)) | W26: =IF(U26="","",COUNTIF(B$3:B$82,U26))
A27: =IFERROR(IF(A26="","",SMALL(Квартиры!$B$2:$B$1501,COUNTIF(Квартиры!$B$2:$B$1501,"<="&A26)+1)),"") | B27: =IF(A27="","",IF(COUNTIF(R$2:R26,R27)=0,MAX(B$2:B26)+1,INDEX(B$2:B26,MATCH(R27,R$2:R26,0)))) | C27: =IF($A27="","",IFERROR(IF(Настройки!$B$4="да",INDEX(Квартиры!$D$2:$D$1501,MATCH($A27*1000+1,Квартиры!$K$2:$K$1501,0))&" / ","")&INDEX(Квартиры!$H$2:$H$1501,MATCH($A27*1000+1,Квартиры!$K$2:$K$1501,0))&" СУ"&IF(INDEX(Квартиры!$I$2:$I$1501,MATCH($A27*1000+1,Квартиры!$K$2:$K$1501,0))>0," +У","")&IF(INDEX(Квартиры!$J$2:$J$1501,MATCH($A27*1000+1,Квартиры!$K$2:$K$1501,0))>0," +Г",""),"-")) | D27: =IF($A27="","",IFERROR(IF(Настройки!$B$4="да",INDEX(Квартиры!$D$2:$D$1501,MATCH($A27*1000+2,Квартиры!$K$2:$K$1501,0))&" / ","")&INDEX(Квартиры!$H$2:$H$1501,MATCH($A27*1000+2,Квартиры!$K$2:$K$1501,0))&" СУ"&IF(INDEX(Квартиры!$I$2:$I$1501,MATCH($A27*1000+2,Квартиры!$K$2:$K$1501,0))>0," +У","")&IF(INDEX(Квартиры!$J$2:$J$1501,MATCH($A27*1000+2,Квартиры!$K$2:$K$1501,0))>0," +Г",""),"-")) | E27: =IF($A27="","",IFERROR(IF(Настройки!$B$4="да",INDEX(Квартиры!$D$2:$D$1501,MATCH($A27*1000+3,Квартиры!$K$2:$K$1501,0))&" / ","")&INDEX(Квартиры!$H$2:$H$1501,MATCH($A27*1000+3,Квартиры!$K$2:$K$1501,0))&" СУ"&IF(INDEX(Квартиры!$I$2:$I$1501,MATCH($A27*1000+3,Квартиры!$K$2:$K$1501,0))>0," +У","")&IF(INDEX(Квартиры!$J$2:$J$1501,MATCH($A27*1000+3,Квартиры!$K$2:$K$1501,0))>0," +Г",""),"-")) | F27: =IF($A27="","",IFERROR(IF(Настройки!$B$4="да",INDEX(Квартиры!$D$2:$D$1501,MATCH($A27*1000+4,Квартиры!$K$2:$K$1501,0))&" / ","")&INDEX(Квартиры!$H$2:$H$1501,MATCH($A27*1000+4,Квартиры!$K$2:$K$1501,0))&" СУ"&IF(INDEX(Квартиры!$I$2:$I$1501,MATCH($A27*1000+4,Квартиры!$K$2:$K$1501,0))>0," +У","")&IF(INDEX(Квартиры!$J$2:$J$1501,MATCH($A27*1000+4,Квартиры!$K$2:$K$1501,0))>0," +Г",""),"-")) | G27: =IF($A27="","",IFERROR(IF(Настройки!$B$4="да",INDEX(Квартиры!$D$2:$D$1501,MATCH($A27*1000+5,Квартиры!$K$2:$K$1501,0))&" / ","")&INDEX(Квартиры!$H$2:$H$1501,MATCH($A27*1000+5,Квартиры!$K$2:$K$1501,0))&" СУ"&IF(INDEX(Квартиры!$I$2:$I$1501,MATCH($A27*1000+5,Квартиры!$K$2:$K$1501,0))>0," +У","")&IF(INDEX(Квартиры!$J$2:$J$1501,MATCH($A27*1000+5,Квартиры!$K$2:$K$1501,0))>0," +Г",""),"-")) | H27: =IF($A27="","",IFERROR(IF(Настройки!$B$4="да",INDEX(Квартиры!$D$2:$D$1501,MATCH($A27*1000+6,Квартиры!$K$2:$K$1501,0))&" / ","")&INDEX(Квартиры!$H$2:$H$1501,MATCH($A27*1000+6,Квартиры!$K$2:$K$1501,0))&" СУ"&IF(INDEX(Квартиры!$I$2:$I$1501,MATCH($A27*1000+6,Квартиры!$K$2:$K$1501,0))>0," +У","")&IF(INDEX(Квартиры!$J$2:$J$1501,MATCH($A27*1000+6,Квартиры!$K$2:$K$1501,0))>0," +Г",""),"-")) | I27: =IF($A27="","",IFERROR(IF(Настройки!$B$4="да",INDEX(Квартиры!$D$2:$D$1501,MATCH($A27*1000+7,Квартиры!$K$2:$K$1501,0))&" / ","")&INDEX(Квартиры!$H$2:$H$1501,MATCH($A27*1000+7,Квартиры!$K$2:$K$1501,0))&" СУ"&IF(INDEX(Квартиры!$I$2:$I$1501,MATCH($A27*1000+7,Квартиры!$K$2:$K$1501,0))>0," +У","")&IF(INDEX(Квартиры!$J$2:$J$1501,MATCH($A27*1000+7,Квартиры!$K$2:$K$1501,0))>0," +Г",""),"-")) | J27: =IF($A27="","",IFERROR(IF(Настройки!$B$4="да",INDEX(Квартиры!$D$2:$D$1501,MATCH($A27*1000+8,Квартиры!$K$2:$K$1501,0))&" / ","")&INDEX(Квартиры!$H$2:$H$1501,MATCH($A27*1000+8,Квартиры!$K$2:$K$1501,0))&" СУ"&IF(INDEX(Квартиры!$I$2:$I$1501,MATCH($A27*1000+8,Квартиры!$K$2:$K$1501,0))>0," +У","")&IF(INDEX(Квартиры!$J$2:$J$1501,MATCH($A27*1000+8,Квартиры!$K$2:$K$1501,0))>0," +Г",""),"-")) | K27: =IF($A27="","",IFERROR(IF(Настройки!$B$4="да",INDEX(Квартиры!$D$2:$D$1501,MATCH($A27*1000+9,Квартиры!$K$2:$K$1501,0))&" / ","")&INDEX(Квартиры!$H$2:$H$1501,MATCH($A27*1000+9,Квартиры!$K$2:$K$1501,0))&" СУ"&IF(INDEX(Квартиры!$I$2:$I$1501,MATCH($A27*1000+9,Квартиры!$K$2:$K$1501,0))>0," +У","")&IF(INDEX(Квартиры!$J$2:$J$1501,MATCH($A27*1000+9,Квартиры!$K$2:$K$1501,0))>0," +Г",""),"-")) | L27: =IF($A27="","",IFERROR(IF(Настройки!$B$4="да",INDEX(Квартиры!$D$2:$D$1501,MATCH($A27*1000+10,Квартиры!$K$2:$K$1501,0))&" / ","")&INDEX(Квартиры!$H$2:$H$1501,MATCH($A27*1000+10,Квартиры!$K$2:$K$1501,0))&" СУ"&IF(INDEX(Квартиры!$I$2:$I$1501,MATCH($A27*1000+10,Квартиры!$K$2:$K$1501,0))>0," +У","")&IF(INDEX(Квартиры!$J$2:$J$1501,MATCH($A27*1000+10,Квартиры!$K$2:$K$1501,0))>0," +Г",""),"-")) | M27: =IF($A27="","",IFERROR(IF(Настройки!$B$4="да",INDEX(Квартиры!$D$2:$D$1501,MATCH($A27*1000+11,Квартиры!$K$2:$K$1501,0))&" / ","")&INDEX(Квартиры!$H$2:$H$1501,MATCH($A27*1000+11,Квартиры!$K$2:$K$1501,0))&" СУ"&IF(INDEX(Квартиры!$I$2:$I$1501,MATCH($A27*1000+11,Квартиры!$K$2:$K$1501,0))>0," +У","")&IF(INDEX(Квартиры!$J$2:$J$1501,MATCH($A27*1000+11,Квартиры!$K$2:$K$1501,0))>0," +Г",""),"-")) | N27: =IF($A27="","",IFERROR(IF(Настройки!$B$4="да",INDEX(Квартиры!$D$2:$D$1501,MATCH($A27*1000+12,Квартиры!$K$2:$K$1501,0))&" / ","")&INDEX(Квартиры!$H$2:$H$1501,MATCH($A27*1000+12,Квартиры!$K$2:$K$1501,0))&" СУ"&IF(INDEX(Квартиры!$I$2:$I$1501,MATCH($A27*1000+12,Квартиры!$K$2:$K$1501,0))>0," +У","")&IF(INDEX(Квартиры!$J$2:$J$1501,MATCH($A27*1000+12,Квартиры!$K$2:$K$1501,0))>0," +Г",""),"-")) | O27: =IF($A27="","",IFERROR(IF(Настройки!$B$4="да",INDEX(Квартиры!$D$2:$D$1501,MATCH($A27*1000+13,Квартиры!$K$2:$K$1501,0))&" / ","")&INDEX(Квартиры!$H$2:$H$1501,MATCH($A27*1000+13,Квартиры!$K$2:$K$1501,0))&" СУ"&IF(INDEX(Квартиры!$I$2:$I$1501,MATCH($A27*1000+13,Квартиры!$K$2:$K$1501,0))>0," +У","")&IF(INDEX(Квартиры!$J$2:$J$1501,MATCH($A27*1000+13,Квартиры!$K$2:$K$1501,0))>0," +Г",""),"-")) | P27: =IF($A27="","",IFERROR(IF(Настройки!$B$4="да",INDEX(Квартиры!$D$2:$D$1501,MATCH($A27*1000+14,Квартиры!$K$2:$K$1501,0))&" / ","")&INDEX(Квартиры!$H$2:$H$1501,MATCH($A27*1000+14,Квартиры!$K$2:$K$1501,0))&" СУ"&IF(INDEX(Квартиры!$I$2:$I$1501,MATCH($A27*1000+14,Квартиры!$K$2:$K$1501,0))>0," +У","")&IF(INDEX(Квартиры!$J$2:$J$1501,MATCH($A27*1000+14,Квартиры!$K$2:$K$1501,0))>0," +Г",""),"-")) | Q27: =IF($A27="","",IFERROR(IF(Настройки!$B$4="да",INDEX(Квартиры!$D$2:$D$1501,MATCH($A27*1000+15,Квартиры!$K$2:$K$1501,0))&" / ","")&INDEX(Квартиры!$H$2:$H$1501,MATCH($A27*1000+15,Квартиры!$K$2:$K$1501,0))&" СУ"&IF(INDEX(Квартиры!$I$2:$I$1501,MATCH($A27*1000+15,Квартиры!$K$2:$K$1501,0))>0," +У","")&IF(INDEX(Квартиры!$J$2:$J$1501,MATCH($A27*1000+15,Квартиры!$K$2:$K$1501,0))>0," +Г",""),"-")) | R27: =IF(A27="","",C27&"|"&D27&"|"&E27&"|"&F27&"|"&G27&"|"&H27&"|"&I27&"|"&J27&"|"&K27&"|"&L27&"|"&M27&"|"&N27&"|"&O27&"|"&P27&"|"&Q27) | S27: =IF(A27="","",IFERROR(LOOKUP(2,1/(B$2:B26=B27),S$2:S26)&", ","")&A27) | U27: =IF(25>MAX(B$3:B$82),"",25) | V27: =IF(U27="","",LOOKUP(2,1/(B$3:B$82=U27),S$3:S$82)) | W27: =IF(U27="","",COUNTIF(B$3:B$82,U27))
A28: =IFERROR(IF(A27="","",SMALL(Квартиры!$B$2:$B$1501,COUNTIF(Квартиры!$B$2:$B$1501,"<="&A27)+1)),"") | B28: =IF(A28="","",IF(COUNTIF(R$2:R27,R28)=0,MAX(B$2:B27)+1,INDEX(B$2:B27,MATCH(R28,R$2:R27,0)))) | C28: =IF($A28="","",IFERROR(IF(Настройки!$B$4="да",INDEX(Квартиры!$D$2:$D$1501,MATCH($A28*1000+1,Квартиры!$K$2:$K$1501,0))&" / ","")&INDEX(Квартиры!$H$2:$H$1501,MATCH($A28*1000+1,Квартиры!$K$2:$K$1501,0))&" СУ"&IF(INDEX(Квартиры!$I$2:$I$1501,MATCH($A28*1000+1,Квартиры!$K$2:$K$1501,0))>0," +У","")&IF(INDEX(Квартиры!$J$2:$J$1501,MATCH($A28*1000+1,Квартиры!$K$2:$K$1501,0))>0," +Г",""),"-")) | D28: =IF($A28="","",IFERROR(IF(Настройки!$B$4="да",INDEX(Квартиры!$D$2:$D$1501,MATCH($A28*1000+2,Квартиры!$K$2:$K$1501,0))&" / ","")&INDEX(Квартиры!$H$2:$H$1501,MATCH($A28*1000+2,Квартиры!$K$2:$K$1501,0))&" СУ"&IF(INDEX(Квартиры!$I$2:$I$1501,MATCH($A28*1000+2,Квартиры!$K$2:$K$1501,0))>0," +У","")&IF(INDEX(Квартиры!$J$2:$J$1501,MATCH($A28*1000+2,Квартиры!$K$2:$K$1501,0))>0," +Г",""),"-")) | E28: =IF($A28="","",IFERROR(IF(Настройки!$B$4="да",INDEX(Квартиры!$D$2:$D$1501,MATCH($A28*1000+3,Квартиры!$K$2:$K$1501,0))&" / ","")&INDEX(Квартиры!$H$2:$H$1501,MATCH($A28*1000+3,Квартиры!$K$2:$K$1501,0))&" СУ"&IF(INDEX(Квартиры!$I$2:$I$1501,MATCH($A28*1000+3,Квартиры!$K$2:$K$1501,0))>0," +У","")&IF(INDEX(Квартиры!$J$2:$J$1501,MATCH($A28*1000+3,Квартиры!$K$2:$K$1501,0))>0," +Г",""),"-")) | F28: =IF($A28="","",IFERROR(IF(Настройки!$B$4="да",INDEX(Квартиры!$D$2:$D$1501,MATCH($A28*1000+4,Квартиры!$K$2:$K$1501,0))&" / ","")&INDEX(Квартиры!$H$2:$H$1501,MATCH($A28*1000+4,Квартиры!$K$2:$K$1501,0))&" СУ"&IF(INDEX(Квартиры!$I$2:$I$1501,MATCH($A28*1000+4,Квартиры!$K$2:$K$1501,0))>0," +У","")&IF(INDEX(Квартиры!$J$2:$J$1501,MATCH($A28*1000+4,Квартиры!$K$2:$K$1501,0))>0," +Г",""),"-")) | G28: =IF($A28="","",IFERROR(IF(Настройки!$B$4="да",INDEX(Квартиры!$D$2:$D$1501,MATCH($A28*1000+5,Квартиры!$K$2:$K$1501,0))&" / ","")&INDEX(Квартиры!$H$2:$H$1501,MATCH($A28*1000+5,Квартиры!$K$2:$K$1501,0))&" СУ"&IF(INDEX(Квартиры!$I$2:$I$1501,MATCH($A28*1000+5,Квартиры!$K$2:$K$1501,0))>0," +У","")&IF(INDEX(Квартиры!$J$2:$J$1501,MATCH($A28*1000+5,Квартиры!$K$2:$K$1501,0))>0," +Г",""),"-")) | H28: =IF($A28="","",IFERROR(IF(Настройки!$B$4="да",INDEX(Квартиры!$D$2:$D$1501,MATCH($A28*1000+6,Квартиры!$K$2:$K$1501,0))&" / ","")&INDEX(Квартиры!$H$2:$H$1501,MATCH($A28*1000+6,Квартиры!$K$2:$K$1501,0))&" СУ"&IF(INDEX(Квартиры!$I$2:$I$1501,MATCH($A28*1000+6,Квартиры!$K$2:$K$1501,0))>0," +У","")&IF(INDEX(Квартиры!$J$2:$J$1501,MATCH($A28*1000+6,Квартиры!$K$2:$K$1501,0))>0," +Г",""),"-")) | I28: =IF($A28="","",IFERROR(IF(Настройки!$B$4="да",INDEX(Квартиры!$D$2:$D$1501,MATCH($A28*1000+7,Квартиры!$K$2:$K$1501,0))&" / ","")&INDEX(Квартиры!$H$2:$H$1501,MATCH($A28*1000+7,Квартиры!$K$2:$K$1501,0))&" СУ"&IF(INDEX(Квартиры!$I$2:$I$1501,MATCH($A28*1000+7,Квартиры!$K$2:$K$1501,0))>0," +У","")&IF(INDEX(Квартиры!$J$2:$J$1501,MATCH($A28*1000+7,Квартиры!$K$2:$K$1501,0))>0," +Г",""),"-")) | J28: =IF($A28="","",IFERROR(IF(Настройки!$B$4="да",INDEX(Квартиры!$D$2:$D$1501,MATCH($A28*1000+8,Квартиры!$K$2:$K$1501,0))&" / ","")&INDEX(Квартиры!$H$2:$H$1501,MATCH($A28*1000+8,Квартиры!$K$2:$K$1501,0))&" СУ"&IF(INDEX(Квартиры!$I$2:$I$1501,MATCH($A28*1000+8,Квартиры!$K$2:$K$1501,0))>0," +У","")&IF(INDEX(Квартиры!$J$2:$J$1501,MATCH($A28*1000+8,Квартиры!$K$2:$K$1501,0))>0," +Г",""),"-")) | K28: =IF($A28="","",IFERROR(IF(Настройки!$B$4="да",INDEX(Квартиры!$D$2:$D$1501,MATCH($A28*1000+9,Квартиры!$K$2:$K$1501,0))&" / ","")&INDEX(Квартиры!$H$2:$H$1501,MATCH($A28*1000+9,Квартиры!$K$2:$K$1501,0))&" СУ"&IF(INDEX(Квартиры!$I$2:$I$1501,MATCH($A28*1000+9,Квартиры!$K$2:$K$1501,0))>0," +У","")&IF(INDEX(Квартиры!$J$2:$J$1501,MATCH($A28*1000+9,Квартиры!$K$2:$K$1501,0))>0," +Г",""),"-")) | L28: =IF($A28="","",IFERROR(IF(Настройки!$B$4="да",INDEX(Квартиры!$D$2:$D$1501,MATCH($A28*1000+10,Квартиры!$K$2:$K$1501,0))&" / ","")&INDEX(Квартиры!$H$2:$H$1501,MATCH($A28*1000+10,Квартиры!$K$2:$K$1501,0))&" СУ"&IF(INDEX(Квартиры!$I$2:$I$1501,MATCH($A28*1000+10,Квартиры!$K$2:$K$1501,0))>0," +У","")&IF(INDEX(Квартиры!$J$2:$J$1501,MATCH($A28*1000+10,Квартиры!$K$2:$K$1501,0))>0," +Г",""),"-")) | M28: =IF($A28="","",IFERROR(IF(Настройки!$B$4="да",INDEX(Квартиры!$D$2:$D$1501,MATCH($A28*1000+11,Квартиры!$K$2:$K$1501,0))&" / ","")&INDEX(Квартиры!$H$2:$H$1501,MATCH($A28*1000+11,Квартиры!$K$2:$K$1501,0))&" СУ"&IF(INDEX(Квартиры!$I$2:$I$1501,MATCH($A28*1000+11,Квартиры!$K$2:$K$1501,0))>0," +У","")&IF(INDEX(Квартиры!$J$2:$J$1501,MATCH($A28*1000+11,Квартиры!$K$2:$K$1501,0))>0," +Г",""),"-")) | N28: =IF($A28="","",IFERROR(IF(Настройки!$B$4="да",INDEX(Квартиры!$D$2:$D$1501,MATCH($A28*1000+12,Квартиры!$K$2:$K$1501,0))&" / ","")&INDEX(Квартиры!$H$2:$H$1501,MATCH($A28*1000+12,Квартиры!$K$2:$K$1501,0))&" СУ"&IF(INDEX(Квартиры!$I$2:$I$1501,MATCH($A28*1000+12,Квартиры!$K$2:$K$1501,0))>0," +У","")&IF(INDEX(Квартиры!$J$2:$J$1501,MATCH($A28*1000+12,Квартиры!$K$2:$K$1501,0))>0," +Г",""),"-")) | O28: =IF($A28="","",IFERROR(IF(Настройки!$B$4="да",INDEX(Квартиры!$D$2:$D$1501,MATCH($A28*1000+13,Квартиры!$K$2:$K$1501,0))&" / ","")&INDEX(Квартиры!$H$2:$H$1501,MATCH($A28*1000+13,Квартиры!$K$2:$K$1501,0))&" СУ"&IF(INDEX(Квартиры!$I$2:$I$1501,MATCH($A28*1000+13,Квартиры!$K$2:$K$1501,0))>0," +У","")&IF(INDEX(Квартиры!$J$2:$J$1501,MATCH($A28*1000+13,Квартиры!$K$2:$K$1501,0))>0," +Г",""),"-")) | P28: =IF($A28="","",IFERROR(IF(Настройки!$B$4="да",INDEX(Квартиры!$D$2:$D$1501,MATCH($A28*1000+14,Квартиры!$K$2:$K$1501,0))&" / ","")&INDEX(Квартиры!$H$2:$H$1501,MATCH($A28*1000+14,Квартиры!$K$2:$K$1501,0))&" СУ"&IF(INDEX(Квартиры!$I$2:$I$1501,MATCH($A28*1000+14,Квартиры!$K$2:$K$1501,0))>0," +У","")&IF(INDEX(Квартиры!$J$2:$J$1501,MATCH($A28*1000+14,Квартиры!$K$2:$K$1501,0))>0," +Г",""),"-")) | Q28: =IF($A28="","",IFERROR(IF(Настройки!$B$4="да",INDEX(Квартиры!$D$2:$D$1501,MATCH($A28*1000+15,Квартиры!$K$2:$K$1501,0))&" / ","")&INDEX(Квартиры!$H$2:$H$1501,MATCH($A28*1000+15,Квартиры!$K$2:$K$1501,0))&" СУ"&IF(INDEX(Квартиры!$I$2:$I$1501,MATCH($A28*1000+15,Квартиры!$K$2:$K$1501,0))>0," +У","")&IF(INDEX(Квартиры!$J$2:$J$1501,MATCH($A28*1000+15,Квартиры!$K$2:$K$1501,0))>0," +Г",""),"-")) | R28: =IF(A28="","",C28&"|"&D28&"|"&E28&"|"&F28&"|"&G28&"|"&H28&"|"&I28&"|"&J28&"|"&K28&"|"&L28&"|"&M28&"|"&N28&"|"&O28&"|"&P28&"|"&Q28) | S28: =IF(A28="","",IFERROR(LOOKUP(2,1/(B$2:B27=B28),S$2:S27)&", ","")&A28) | U28: =IF(26>MAX(B$3:B$82),"",26) | V28: =IF(U28="","",LOOKUP(2,1/(B$3:B$82=U28),S$3:S$82)) | W28: =IF(U28="","",COUNTIF(B$3:B$82,U28))
A29: =IFERROR(IF(A28="","",SMALL(Квартиры!$B$2:$B$1501,COUNTIF(Квартиры!$B$2:$B$1501,"<="&A28)+1)),"") | B29: =IF(A29="","",IF(COUNTIF(R$2:R28,R29)=0,MAX(B$2:B28)+1,INDEX(B$2:B28,MATCH(R29,R$2:R28,0)))) | C29: =IF($A29="","",IFERROR(IF(Настройки!$B$4="да",INDEX(Квартиры!$D$2:$D$1501,MATCH($A29*1000+1,Квартиры!$K$2:$K$1501,0))&" / ","")&INDEX(Квартиры!$H$2:$H$1501,MATCH($A29*1000+1,Квартиры!$K$2:$K$1501,0))&" СУ"&IF(INDEX(Квартиры!$I$2:$I$1501,MATCH($A29*1000+1,Квартиры!$K$2:$K$1501,0))>0," +У","")&IF(INDEX(Квартиры!$J$2:$J$1501,MATCH($A29*1000+1,Квартиры!$K$2:$K$1501,0))>0," +Г",""),"-")) | D29: =IF($A29="","",IFERROR(IF(Настройки!$B$4="да",INDEX(Квартиры!$D$2:$D$1501,MATCH($A29*1000+2,Квартиры!$K$2:$K$1501,0))&" / ","")&INDEX(Квартиры!$H$2:$H$1501,MATCH($A29*1000+2,Квартиры!$K$2:$K$1501,0))&" СУ"&IF(INDEX(Квартиры!$I$2:$I$1501,MATCH($A29*1000+2,Квартиры!$K$2:$K$1501,0))>0," +У","")&IF(INDEX(Квартиры!$J$2:$J$1501,MATCH($A29*1000+2,Квартиры!$K$2:$K$1501,0))>0," +Г",""),"-")) | E29: =IF($A29="","",IFERROR(IF(Настройки!$B$4="да",INDEX(Квартиры!$D$2:$D$1501,MATCH($A29*1000+3,Квартиры!$K$2:$K$1501,0))&" / ","")&INDEX(Квартиры!$H$2:$H$1501,MATCH($A29*1000+3,Квартиры!$K$2:$K$1501,0))&" СУ"&IF(INDEX(Квартиры!$I$2:$I$1501,MATCH($A29*1000+3,Квартиры!$K$2:$K$1501,0))>0," +У","")&IF(INDEX(Квартиры!$J$2:$J$1501,MATCH($A29*1000+3,Квартиры!$K$2:$K$1501,0))>0," +Г",""),"-")) | F29: =IF($A29="","",IFERROR(IF(Настройки!$B$4="да",INDEX(Квартиры!$D$2:$D$1501,MATCH($A29*1000+4,Квартиры!$K$2:$K$1501,0))&" / ","")&INDEX(Квартиры!$H$2:$H$1501,MATCH($A29*1000+4,Квартиры!$K$2:$K$1501,0))&" СУ"&IF(INDEX(Квартиры!$I$2:$I$1501,MATCH($A29*1000+4,Квартиры!$K$2:$K$1501,0))>0," +У","")&IF(INDEX(Квартиры!$J$2:$J$1501,MATCH($A29*1000+4,Квартиры!$K$2:$K$1501,0))>0," +Г",""),"-")) | G29: =IF($A29="","",IFERROR(IF(Настройки!$B$4="да",INDEX(Квартиры!$D$2:$D$1501,MATCH($A29*1000+5,Квартиры!$K$2:$K$1501,0))&" / ","")&INDEX(Квартиры!$H$2:$H$1501,MATCH($A29*1000+5,Квартиры!$K$2:$K$1501,0))&" СУ"&IF(INDEX(Квартиры!$I$2:$I$1501,MATCH($A29*1000+5,Квартиры!$K$2:$K$1501,0))>0," +У","")&IF(INDEX(Квартиры!$J$2:$J$1501,MATCH($A29*1000+5,Квартиры!$K$2:$K$1501,0))>0," +Г",""),"-")) | H29: =IF($A29="","",IFERROR(IF(Настройки!$B$4="да",INDEX(Квартиры!$D$2:$D$1501,MATCH($A29*1000+6,Квартиры!$K$2:$K$1501,0))&" / ","")&INDEX(Квартиры!$H$2:$H$1501,MATCH($A29*1000+6,Квартиры!$K$2:$K$1501,0))&" СУ"&IF(INDEX(Квартиры!$I$2:$I$1501,MATCH($A29*1000+6,Квартиры!$K$2:$K$1501,0))>0," +У","")&IF(INDEX(Квартиры!$J$2:$J$1501,MATCH($A29*1000+6,Квартиры!$K$2:$K$1501,0))>0," +Г",""),"-")) | I29: =IF($A29="","",IFERROR(IF(Настройки!$B$4="да",INDEX(Квартиры!$D$2:$D$1501,MATCH($A29*1000+7,Квартиры!$K$2:$K$1501,0))&" / ","")&INDEX(Квартиры!$H$2:$H$1501,MATCH($A29*1000+7,Квартиры!$K$2:$K$1501,0))&" СУ"&IF(INDEX(Квартиры!$I$2:$I$1501,MATCH($A29*1000+7,Квартиры!$K$2:$K$1501,0))>0," +У","")&IF(INDEX(Квартиры!$J$2:$J$1501,MATCH($A29*1000+7,Квартиры!$K$2:$K$1501,0))>0," +Г",""),"-")) | J29: =IF($A29="","",IFERROR(IF(Настройки!$B$4="да",INDEX(Квартиры!$D$2:$D$1501,MATCH($A29*1000+8,Квартиры!$K$2:$K$1501,0))&" / ","")&INDEX(Квартиры!$H$2:$H$1501,MATCH($A29*1000+8,Квартиры!$K$2:$K$1501,0))&" СУ"&IF(INDEX(Квартиры!$I$2:$I$1501,MATCH($A29*1000+8,Квартиры!$K$2:$K$1501,0))>0," +У","")&IF(INDEX(Квартиры!$J$2:$J$1501,MATCH($A29*1000+8,Квартиры!$K$2:$K$1501,0))>0," +Г",""),"-")) | K29: =IF($A29="","",IFERROR(IF(Настройки!$B$4="да",INDEX(Квартиры!$D$2:$D$1501,MATCH($A29*1000+9,Квартиры!$K$2:$K$1501,0))&" / ","")&INDEX(Квартиры!$H$2:$H$1501,MATCH($A29*1000+9,Квартиры!$K$2:$K$1501,0))&" СУ"&IF(INDEX(Квартиры!$I$2:$I$1501,MATCH($A29*1000+9,Квартиры!$K$2:$K$1501,0))>0," +У","")&IF(INDEX(Квартиры!$J$2:$J$1501,MATCH($A29*1000+9,Квартиры!$K$2:$K$1501,0))>0," +Г",""),"-")) | L29: =IF($A29="","",IFERROR(IF(Настройки!$B$4="да",INDEX(Квартиры!$D$2:$D$1501,MATCH($A29*1000+10,Квартиры!$K$2:$K$1501,0))&" / ","")&INDEX(Квартиры!$H$2:$H$1501,MATCH($A29*1000+10,Квартиры!$K$2:$K$1501,0))&" СУ"&IF(INDEX(Квартиры!$I$2:$I$1501,MATCH($A29*1000+10,Квартиры!$K$2:$K$1501,0))>0," +У","")&IF(INDEX(Квартиры!$J$2:$J$1501,MATCH($A29*1000+10,Квартиры!$K$2:$K$1501,0))>0," +Г",""),"-")) | M29: =IF($A29="","",IFERROR(IF(Настройки!$B$4="да",INDEX(Квартиры!$D$2:$D$1501,MATCH($A29*1000+11,Квартиры!$K$2:$K$1501,0))&" / ","")&INDEX(Квартиры!$H$2:$H$1501,MATCH($A29*1000+11,Квартиры!$K$2:$K$1501,0))&" СУ"&IF(INDEX(Квартиры!$I$2:$I$1501,MATCH($A29*1000+11,Квартиры!$K$2:$K$1501,0))>0," +У","")&IF(INDEX(Квартиры!$J$2:$J$1501,MATCH($A29*1000+11,Квартиры!$K$2:$K$1501,0))>0," +Г",""),"-")) | N29: =IF($A29="","",IFERROR(IF(Настройки!$B$4="да",INDEX(Квартиры!$D$2:$D$1501,MATCH($A29*1000+12,Квартиры!$K$2:$K$1501,0))&" / ","")&INDEX(Квартиры!$H$2:$H$1501,MATCH($A29*1000+12,Квартиры!$K$2:$K$1501,0))&" СУ"&IF(INDEX(Квартиры!$I$2:$I$1501,MATCH($A29*1000+12,Квартиры!$K$2:$K$1501,0))>0," +У","")&IF(INDEX(Квартиры!$J$2:$J$1501,MATCH($A29*1000+12,Квартиры!$K$2:$K$1501,0))>0," +Г",""),"-")) | O29: =IF($A29="","",IFERROR(IF(Настройки!$B$4="да",INDEX(Квартиры!$D$2:$D$1501,MATCH($A29*1000+13,Квартиры!$K$2:$K$1501,0))&" / ","")&INDEX(Квартиры!$H$2:$H$1501,MATCH($A29*1000+13,Квартиры!$K$2:$K$1501,0))&" СУ"&IF(INDEX(Квартиры!$I$2:$I$1501,MATCH($A29*1000+13,Квартиры!$K$2:$K$1501,0))>0," +У","")&IF(INDEX(Квартиры!$J$2:$J$1501,MATCH($A29*1000+13,Квартиры!$K$2:$K$1501,0))>0," +Г",""),"-")) | P29: =IF($A29="","",IFERROR(IF(Настройки!$B$4="да",INDEX(Квартиры!$D$2:$D$1501,MATCH($A29*1000+14,Квартиры!$K$2:$K$1501,0))&" / ","")&INDEX(Квартиры!$H$2:$H$1501,MATCH($A29*1000+14,Квартиры!$K$2:$K$1501,0))&" СУ"&IF(INDEX(Квартиры!$I$2:$I$1501,MATCH($A29*1000+14,Квартиры!$K$2:$K$1501,0))>0," +У","")&IF(INDEX(Квартиры!$J$2:$J$1501,MATCH($A29*1000+14,Квартиры!$K$2:$K$1501,0))>0," +Г",""),"-")) | Q29: =IF($A29="","",IFERROR(IF(Настройки!$B$4="да",INDEX(Квартиры!$D$2:$D$1501,MATCH($A29*1000+15,Квартиры!$K$2:$K$1501,0))&" / ","")&INDEX(Квартиры!$H$2:$H$1501,MATCH($A29*1000+15,Квартиры!$K$2:$K$1501,0))&" СУ"&IF(INDEX(Квартиры!$I$2:$I$1501,MATCH($A29*1000+15,Квартиры!$K$2:$K$1501,0))>0," +У","")&IF(INDEX(Квартиры!$J$2:$J$1501,MATCH($A29*1000+15,Квартиры!$K$2:$K$1501,0))>0," +Г",""),"-")) | R29: =IF(A29="","",C29&"|"&D29&"|"&E29&"|"&F29&"|"&G29&"|"&H29&"|"&I29&"|"&J29&"|"&K29&"|"&L29&"|"&M29&"|"&N29&"|"&O29&"|"&P29&"|"&Q29) | S29: =IF(A29="","",IFERROR(LOOKUP(2,1/(B$2:B28=B29),S$2:S28)&", ","")&A29) | U29: =IF(27>MAX(B$3:B$82),"",27) | V29: =IF(U29="","",LOOKUP(2,1/(B$3:B$82=U29),S$3:S$82)) | W29: =IF(U29="","",COUNTIF(B$3:B$82,U29))
A30: =IFERROR(IF(A29="","",SMALL(Квартиры!$B$2:$B$1501,COUNTIF(Квартиры!$B$2:$B$1501,"<="&A29)+1)),"") | B30: =IF(A30="","",IF(COUNTIF(R$2:R29,R30)=0,MAX(B$2:B29)+1,INDEX(B$2:B29,MATCH(R30,R$2:R29,0)))) | C30: =IF($A30="","",IFERROR(IF(Настройки!$B$4="да",INDEX(Квартиры!$D$2:$D$1501,MATCH($A30*1000+1,Квартиры!$K$2:$K$1501,0))&" / ","")&INDEX(Квартиры!$H$2:$H$1501,MATCH($A30*1000+1,Квартиры!$K$2:$K$1501,0))&" СУ"&IF(INDEX(Квартиры!$I$2:$I$1501,MATCH($A30*1000+1,Квартиры!$K$2:$K$1501,0))>0," +У","")&IF(INDEX(Квартиры!$J$2:$J$1501,MATCH($A30*1000+1,Квартиры!$K$2:$K$1501,0))>0," +Г",""),"-")) | D30: =IF($A30="","",IFERROR(IF(Настройки!$B$4="да",INDEX(Квартиры!$D$2:$D$1501,MATCH($A30*1000+2,Квартиры!$K$2:$K$1501,0))&" / ","")&INDEX(Квартиры!$H$2:$H$1501,MATCH($A30*1000+2,Квартиры!$K$2:$K$1501,0))&" СУ"&IF(INDEX(Квартиры!$I$2:$I$1501,MATCH($A30*1000+2,Квартиры!$K$2:$K$1501,0))>0," +У","")&IF(INDEX(Квартиры!$J$2:$J$1501,MATCH($A30*1000+2,Квартиры!$K$2:$K$1501,0))>0," +Г",""),"-")) | E30: =IF($A30="","",IFERROR(IF(Настройки!$B$4="да",INDEX(Квартиры!$D$2:$D$1501,MATCH($A30*1000+3,Квартиры!$K$2:$K$1501,0))&" / ","")&INDEX(Квартиры!$H$2:$H$1501,MATCH($A30*1000+3,Квартиры!$K$2:$K$1501,0))&" СУ"&IF(INDEX(Квартиры!$I$2:$I$1501,MATCH($A30*1000+3,Квартиры!$K$2:$K$1501,0))>0," +У","")&IF(INDEX(Квартиры!$J$2:$J$1501,MATCH($A30*1000+3,Квартиры!$K$2:$K$1501,0))>0," +Г",""),"-")) | F30: =IF($A30="","",IFERROR(IF(Настройки!$B$4="да",INDEX(Квартиры!$D$2:$D$1501,MATCH($A30*1000+4,Квартиры!$K$2:$K$1501,0))&" / ","")&INDEX(Квартиры!$H$2:$H$1501,MATCH($A30*1000+4,Квартиры!$K$2:$K$1501,0))&" СУ"&IF(INDEX(Квартиры!$I$2:$I$1501,MATCH($A30*1000+4,Квартиры!$K$2:$K$1501,0))>0," +У","")&IF(INDEX(Квартиры!$J$2:$J$1501,MATCH($A30*1000+4,Квартиры!$K$2:$K$1501,0))>0," +Г",""),"-")) | G30: =IF($A30="","",IFERROR(IF(Настройки!$B$4="да",INDEX(Квартиры!$D$2:$D$1501,MATCH($A30*1000+5,Квартиры!$K$2:$K$1501,0))&" / ","")&INDEX(Квартиры!$H$2:$H$1501,MATCH($A30*1000+5,Квартиры!$K$2:$K$1501,0))&" СУ"&IF(INDEX(Квартиры!$I$2:$I$1501,MATCH($A30*1000+5,Квартиры!$K$2:$K$1501,0))>0," +У","")&IF(INDEX(Квартиры!$J$2:$J$1501,MATCH($A30*1000+5,Квартиры!$K$2:$K$1501,0))>0," +Г",""),"-")) | H30: =IF($A30="","",IFERROR(IF(Настройки!$B$4="да",INDEX(Квартиры!$D$2:$D$1501,MATCH($A30*1000+6,Квартиры!$K$2:$K$1501,0))&" / ","")&INDEX(Квартиры!$H$2:$H$1501,MATCH($A30*1000+6,Квартиры!$K$2:$K$1501,0))&" СУ"&IF(INDEX(Квартиры!$I$2:$I$1501,MATCH($A30*1000+6,Квартиры!$K$2:$K$1501,0))>0," +У","")&IF(INDEX(Квартиры!$J$2:$J$1501,MATCH($A30*1000+6,Квартиры!$K$2:$K$1501,0))>0," +Г",""),"-")) | I30: =IF($A30="","",IFERROR(IF(Настройки!$B$4="да",INDEX(Квартиры!$D$2:$D$1501,MATCH($A30*1000+7,Квартиры!$K$2:$K$1501,0))&" / ","")&INDEX(Квартиры!$H$2:$H$1501,MATCH($A30*1000+7,Квартиры!$K$2:$K$1501,0))&" СУ"&IF(INDEX(Квартиры!$I$2:$I$1501,MATCH($A30*1000+7,Квартиры!$K$2:$K$1501,0))>0," +У","")&IF(INDEX(Квартиры!$J$2:$J$1501,MATCH($A30*1000+7,Квартиры!$K$2:$K$1501,0))>0," +Г",""),"-")) | J30: =IF($A30="","",IFERROR(IF(Настройки!$B$4="да",INDEX(Квартиры!$D$2:$D$1501,MATCH($A30*1000+8,Квартиры!$K$2:$K$1501,0))&" / ","")&INDEX(Квартиры!$H$2:$H$1501,MATCH($A30*1000+8,Квартиры!$K$2:$K$1501,0))&" СУ"&IF(INDEX(Квартиры!$I$2:$I$1501,MATCH($A30*1000+8,Квартиры!$K$2:$K$1501,0))>0," +У","")&IF(INDEX(Квартиры!$J$2:$J$1501,MATCH($A30*1000+8,Квартиры!$K$2:$K$1501,0))>0," +Г",""),"-")) | K30: =IF($A30="","",IFERROR(IF(Настройки!$B$4="да",INDEX(Квартиры!$D$2:$D$1501,MATCH($A30*1000+9,Квартиры!$K$2:$K$1501,0))&" / ","")&INDEX(Квартиры!$H$2:$H$1501,MATCH($A30*1000+9,Квартиры!$K$2:$K$1501,0))&" СУ"&IF(INDEX(Квартиры!$I$2:$I$1501,MATCH($A30*1000+9,Квартиры!$K$2:$K$1501,0))>0," +У","")&IF(INDEX(Квартиры!$J$2:$J$1501,MATCH($A30*1000+9,Квартиры!$K$2:$K$1501,0))>0," +Г",""),"-")) | L30: =IF($A30="","",IFERROR(IF(Настройки!$B$4="да",INDEX(Квартиры!$D$2:$D$1501,MATCH($A30*1000+10,Квартиры!$K$2:$K$1501,0))&" / ","")&INDEX(Квартиры!$H$2:$H$1501,MATCH($A30*1000+10,Квартиры!$K$2:$K$1501,0))&" СУ"&IF(INDEX(Квартиры!$I$2:$I$1501,MATCH($A30*1000+10,Квартиры!$K$2:$K$1501,0))>0," +У","")&IF(INDEX(Квартиры!$J$2:$J$1501,MATCH($A30*1000+10,Квартиры!$K$2:$K$1501,0))>0," +Г",""),"-")) | M30: =IF($A30="","",IFERROR(IF(Настройки!$B$4="да",INDEX(Квартиры!$D$2:$D$1501,MATCH($A30*1000+11,Квартиры!$K$2:$K$1501,0))&" / ","")&INDEX(Квартиры!$H$2:$H$1501,MATCH($A30*1000+11,Квартиры!$K$2:$K$1501,0))&" СУ"&IF(INDEX(Квартиры!$I$2:$I$1501,MATCH($A30*1000+11,Квартиры!$K$2:$K$1501,0))>0," +У","")&IF(INDEX(Квартиры!$J$2:$J$1501,MATCH($A30*1000+11,Квартиры!$K$2:$K$1501,0))>0," +Г",""),"-")) | N30: =IF($A30="","",IFERROR(IF(Настройки!$B$4="да",INDEX(Квартиры!$D$2:$D$1501,MATCH($A30*1000+12,Квартиры!$K$2:$K$1501,0))&" / ","")&INDEX(Квартиры!$H$2:$H$1501,MATCH($A30*1000+12,Квартиры!$K$2:$K$1501,0))&" СУ"&IF(INDEX(Квартиры!$I$2:$I$1501,MATCH($A30*1000+12,Квартиры!$K$2:$K$1501,0))>0," +У","")&IF(INDEX(Квартиры!$J$2:$J$1501,MATCH($A30*1000+12,Квартиры!$K$2:$K$1501,0))>0," +Г",""),"-")) | O30: =IF($A30="","",IFERROR(IF(Настройки!$B$4="да",INDEX(Квартиры!$D$2:$D$1501,MATCH($A30*1000+13,Квартиры!$K$2:$K$1501,0))&" / ","")&INDEX(Квартиры!$H$2:$H$1501,MATCH($A30*1000+13,Квартиры!$K$2:$K$1501,0))&" СУ"&IF(INDEX(Квартиры!$I$2:$I$1501,MATCH($A30*1000+13,Квартиры!$K$2:$K$1501,0))>0," +У","")&IF(INDEX(Квартиры!$J$2:$J$1501,MATCH($A30*1000+13,Квартиры!$K$2:$K$1501,0))>0," +Г",""),"-")) | P30: =IF($A30="","",IFERROR(IF(Настройки!$B$4="да",INDEX(Квартиры!$D$2:$D$1501,MATCH($A30*1000+14,Квартиры!$K$2:$K$1501,0))&" / ","")&INDEX(Квартиры!$H$2:$H$1501,MATCH($A30*1000+14,Квартиры!$K$2:$K$1501,0))&" СУ"&IF(INDEX(Квартиры!$I$2:$I$1501,MATCH($A30*1000+14,Квартиры!$K$2:$K$1501,0))>0," +У","")&IF(INDEX(Квартиры!$J$2:$J$1501,MATCH($A30*1000+14,Квартиры!$K$2:$K$1501,0))>0," +Г",""),"-")) | Q30: =IF($A30="","",IFERROR(IF(Настройки!$B$4="да",INDEX(Квартиры!$D$2:$D$1501,MATCH($A30*1000+15,Квартиры!$K$2:$K$1501,0))&" / ","")&INDEX(Квартиры!$H$2:$H$1501,MATCH($A30*1000+15,Квартиры!$K$2:$K$1501,0))&" СУ"&IF(INDEX(Квартиры!$I$2:$I$1501,MATCH($A30*1000+15,Квартиры!$K$2:$K$1501,0))>0," +У","")&IF(INDEX(Квартиры!$J$2:$J$1501,MATCH($A30*1000+15,Квартиры!$K$2:$K$1501,0))>0," +Г",""),"-")) | R30: =IF(A30="","",C30&"|"&D30&"|"&E30&"|"&F30&"|"&G30&"|"&H30&"|"&I30&"|"&J30&"|"&K30&"|"&L30&"|"&M30&"|"&N30&"|"&O30&"|"&P30&"|"&Q30) | S30: =IF(A30="","",IFERROR(LOOKUP(2,1/(B$2:B29=B30),S$2:S29)&", ","")&A30) | U30: =IF(28>MAX(B$3:B$82),"",28) | V30: =IF(U30="","",LOOKUP(2,1/(B$3:B$82=U30),S$3:S$82)) | W30: =IF(U30="","",COUNTIF(B$3:B$82,U30))
A31: =IFERROR(IF(A30="","",SMALL(Квартиры!$B$2:$B$1501,COUNTIF(Квартиры!$B$2:$B$1501,"<="&A30)+1)),"") | B31: =IF(A31="","",IF(COUNTIF(R$2:R30,R31)=0,MAX(B$2:B30)+1,INDEX(B$2:B30,MATCH(R31,R$2:R30,0)))) | C31: =IF($A31="","",IFERROR(IF(Настройки!$B$4="да",INDEX(Квартиры!$D$2:$D$1501,MATCH($A31*1000+1,Квартиры!$K$2:$K$1501,0))&" / ","")&INDEX(Квартиры!$H$2:$H$1501,MATCH($A31*1000+1,Квартиры!$K$2:$K$1501,0))&" СУ"&IF(INDEX(Квартиры!$I$2:$I$1501,MATCH($A31*1000+1,Квартиры!$K$2:$K$1501,0))>0," +У","")&IF(INDEX(Квартиры!$J$2:$J$1501,MATCH($A31*1000+1,Квартиры!$K$2:$K$1501,0))>0," +Г",""),"-")) | D31: =IF($A31="","",IFERROR(IF(Настройки!$B$4="да",INDEX(Квартиры!$D$2:$D$1501,MATCH($A31*1000+2,Квартиры!$K$2:$K$1501,0))&" / ","")&INDEX(Квартиры!$H$2:$H$1501,MATCH($A31*1000+2,Квартиры!$K$2:$K$1501,0))&" СУ"&IF(INDEX(Квартиры!$I$2:$I$1501,MATCH($A31*1000+2,Квартиры!$K$2:$K$1501,0))>0," +У","")&IF(INDEX(Квартиры!$J$2:$J$1501,MATCH($A31*1000+2,Квартиры!$K$2:$K$1501,0))>0," +Г",""),"-")) | E31: =IF($A31="","",IFERROR(IF(Настройки!$B$4="да",INDEX(Квартиры!$D$2:$D$1501,MATCH($A31*1000+3,Квартиры!$K$2:$K$1501,0))&" / ","")&INDEX(Квартиры!$H$2:$H$1501,MATCH($A31*1000+3,Квартиры!$K$2:$K$1501,0))&" СУ"&IF(INDEX(Квартиры!$I$2:$I$1501,MATCH($A31*1000+3,Квартиры!$K$2:$K$1501,0))>0," +У","")&IF(INDEX(Квартиры!$J$2:$J$1501,MATCH($A31*1000+3,Квартиры!$K$2:$K$1501,0))>0," +Г",""),"-")) | F31: =IF($A31="","",IFERROR(IF(Настройки!$B$4="да",INDEX(Квартиры!$D$2:$D$1501,MATCH($A31*1000+4,Квартиры!$K$2:$K$1501,0))&" / ","")&INDEX(Квартиры!$H$2:$H$1501,MATCH($A31*1000+4,Квартиры!$K$2:$K$1501,0))&" СУ"&IF(INDEX(Квартиры!$I$2:$I$1501,MATCH($A31*1000+4,Квартиры!$K$2:$K$1501,0))>0," +У","")&IF(INDEX(Квартиры!$J$2:$J$1501,MATCH($A31*1000+4,Квартиры!$K$2:$K$1501,0))>0," +Г",""),"-")) | G31: =IF($A31="","",IFERROR(IF(Настройки!$B$4="да",INDEX(Квартиры!$D$2:$D$1501,MATCH($A31*1000+5,Квартиры!$K$2:$K$1501,0))&" / ","")&INDEX(Квартиры!$H$2:$H$1501,MATCH($A31*1000+5,Квартиры!$K$2:$K$1501,0))&" СУ"&IF(INDEX(Квартиры!$I$2:$I$1501,MATCH($A31*1000+5,Квартиры!$K$2:$K$1501,0))>0," +У","")&IF(INDEX(Квартиры!$J$2:$J$1501,MATCH($A31*1000+5,Квартиры!$K$2:$K$1501,0))>0," +Г",""),"-")) | H31: =IF($A31="","",IFERROR(IF(Настройки!$B$4="да",INDEX(Квартиры!$D$2:$D$1501,MATCH($A31*1000+6,Квартиры!$K$2:$K$1501,0))&" / ","")&INDEX(Квартиры!$H$2:$H$1501,MATCH($A31*1000+6,Квартиры!$K$2:$K$1501,0))&" СУ"&IF(INDEX(Квартиры!$I$2:$I$1501,MATCH($A31*1000+6,Квартиры!$K$2:$K$1501,0))>0," +У","")&IF(INDEX(Квартиры!$J$2:$J$1501,MATCH($A31*1000+6,Квартиры!$K$2:$K$1501,0))>0," +Г",""),"-")) | I31: =IF($A31="","",IFERROR(IF(Настройки!$B$4="да",INDEX(Квартиры!$D$2:$D$1501,MATCH($A31*1000+7,Квартиры!$K$2:$K$1501,0))&" / ","")&INDEX(Квартиры!$H$2:$H$1501,MATCH($A31*1000+7,Квартиры!$K$2:$K$1501,0))&" СУ"&IF(INDEX(Квартиры!$I$2:$I$1501,MATCH($A31*1000+7,Квартиры!$K$2:$K$1501,0))>0," +У","")&IF(INDEX(Квартиры!$J$2:$J$1501,MATCH($A31*1000+7,Квартиры!$K$2:$K$1501,0))>0," +Г",""),"-")) | J31: =IF($A31="","",IFERROR(IF(Настройки!$B$4="да",INDEX(Квартиры!$D$2:$D$1501,MATCH($A31*1000+8,Квартиры!$K$2:$K$1501,0))&" / ","")&INDEX(Квартиры!$H$2:$H$1501,MATCH($A31*1000+8,Квартиры!$K$2:$K$1501,0))&" СУ"&IF(INDEX(Квартиры!$I$2:$I$1501,MATCH($A31*1000+8,Квартиры!$K$2:$K$1501,0))>0," +У","")&IF(INDEX(Квартиры!$J$2:$J$1501,MATCH($A31*1000+8,Квартиры!$K$2:$K$1501,0))>0," +Г",""),"-")) | K31: =IF($A31="","",IFERROR(IF(Настройки!$B$4="да",INDEX(Квартиры!$D$2:$D$1501,MATCH($A31*1000+9,Квартиры!$K$2:$K$1501,0))&" / ","")&INDEX(Квартиры!$H$2:$H$1501,MATCH($A31*1000+9,Квартиры!$K$2:$K$1501,0))&" СУ"&IF(INDEX(Квартиры!$I$2:$I$1501,MATCH($A31*1000+9,Квартиры!$K$2:$K$1501,0))>0," +У","")&IF(INDEX(Квартиры!$J$2:$J$1501,MATCH($A31*1000+9,Квартиры!$K$2:$K$1501,0))>0," +Г",""),"-")) | L31: =IF($A31="","",IFERROR(IF(Настройки!$B$4="да",INDEX(Квартиры!$D$2:$D$1501,MATCH($A31*1000+10,Квартиры!$K$2:$K$1501,0))&" / ","")&INDEX(Квартиры!$H$2:$H$1501,MATCH($A31*1000+10,Квартиры!$K$2:$K$1501,0))&" СУ"&IF(INDEX(Квартиры!$I$2:$I$1501,MATCH($A31*1000+10,Квартиры!$K$2:$K$1501,0))>0," +У","")&IF(INDEX(Квартиры!$J$2:$J$1501,MATCH($A31*1000+10,Квартиры!$K$2:$K$1501,0))>0," +Г",""),"-")) | M31: =IF($A31="","",IFERROR(IF(Настройки!$B$4="да",INDEX(Квартиры!$D$2:$D$1501,MATCH($A31*1000+11,Квартиры!$K$2:$K$1501,0))&" / ","")&INDEX(Квартиры!$H$2:$H$1501,MATCH($A31*1000+11,Квартиры!$K$2:$K$1501,0))&" СУ"&IF(INDEX(Квартиры!$I$2:$I$1501,MATCH($A31*1000+11,Квартиры!$K$2:$K$1501,0))>0," +У","")&IF(INDEX(Квартиры!$J$2:$J$1501,MATCH($A31*1000+11,Квартиры!$K$2:$K$1501,0))>0," +Г",""),"-")) | N31: =IF($A31="","",IFERROR(IF(Настройки!$B$4="да",INDEX(Квартиры!$D$2:$D$1501,MATCH($A31*1000+12,Квартиры!$K$2:$K$1501,0))&" / ","")&INDEX(Квартиры!$H$2:$H$1501,MATCH($A31*1000+12,Квартиры!$K$2:$K$1501,0))&" СУ"&IF(INDEX(Квартиры!$I$2:$I$1501,MATCH($A31*1000+12,Квартиры!$K$2:$K$1501,0))>0," +У","")&IF(INDEX(Квартиры!$J$2:$J$1501,MATCH($A31*1000+12,Квартиры!$K$2:$K$1501,0))>0," +Г",""),"-")) | O31: =IF($A31="","",IFERROR(IF(Настройки!$B$4="да",INDEX(Квартиры!$D$2:$D$1501,MATCH($A31*1000+13,Квартиры!$K$2:$K$1501,0))&" / ","")&INDEX(Квартиры!$H$2:$H$1501,MATCH($A31*1000+13,Квартиры!$K$2:$K$1501,0))&" СУ"&IF(INDEX(Квартиры!$I$2:$I$1501,MATCH($A31*1000+13,Квартиры!$K$2:$K$1501,0))>0," +У","")&IF(INDEX(Квартиры!$J$2:$J$1501,MATCH($A31*1000+13,Квартиры!$K$2:$K$1501,0))>0," +Г",""),"-")) | P31: =IF($A31="","",IFERROR(IF(Настройки!$B$4="да",INDEX(Квартиры!$D$2:$D$1501,MATCH($A31*1000+14,Квартиры!$K$2:$K$1501,0))&" / ","")&INDEX(Квартиры!$H$2:$H$1501,MATCH($A31*1000+14,Квартиры!$K$2:$K$1501,0))&" СУ"&IF(INDEX(Квартиры!$I$2:$I$1501,MATCH($A31*1000+14,Квартиры!$K$2:$K$1501,0))>0," +У","")&IF(INDEX(Квартиры!$J$2:$J$1501,MATCH($A31*1000+14,Квартиры!$K$2:$K$1501,0))>0," +Г",""),"-")) | Q31: =IF($A31="","",IFERROR(IF(Настройки!$B$4="да",INDEX(Квартиры!$D$2:$D$1501,MATCH($A31*1000+15,Квартиры!$K$2:$K$1501,0))&" / ","")&INDEX(Квартиры!$H$2:$H$1501,MATCH($A31*1000+15,Квартиры!$K$2:$K$1501,0))&" СУ"&IF(INDEX(Квартиры!$I$2:$I$1501,MATCH($A31*1000+15,Квартиры!$K$2:$K$1501,0))>0," +У","")&IF(INDEX(Квартиры!$J$2:$J$1501,MATCH($A31*1000+15,Квартиры!$K$2:$K$1501,0))>0," +Г",""),"-")) | R31: =IF(A31="","",C31&"|"&D31&"|"&E31&"|"&F31&"|"&G31&"|"&H31&"|"&I31&"|"&J31&"|"&K31&"|"&L31&"|"&M31&"|"&N31&"|"&O31&"|"&P31&"|"&Q31) | S31: =IF(A31="","",IFERROR(LOOKUP(2,1/(B$2:B30=B31),S$2:S30)&", ","")&A31) | U31: =IF(29>MAX(B$3:B$82),"",29) | V31: =IF(U31="","",LOOKUP(2,1/(B$3:B$82=U31),S$3:S$82)) | W31: =IF(U31="","",COUNTIF(B$3:B$82,U31))
A32: =IFERROR(IF(A31="","",SMALL(Квартиры!$B$2:$B$1501,COUNTIF(Квартиры!$B$2:$B$1501,"<="&A31)+1)),"") | B32: =IF(A32="","",IF(COUNTIF(R$2:R31,R32)=0,MAX(B$2:B31)+1,INDEX(B$2:B31,MATCH(R32,R$2:R31,0)))) | C32: =IF($A32="","",IFERROR(IF(Настройки!$B$4="да",INDEX(Квартиры!$D$2:$D$1501,MATCH($A32*1000+1,Квартиры!$K$2:$K$1501,0))&" / ","")&INDEX(Квартиры!$H$2:$H$1501,MATCH($A32*1000+1,Квартиры!$K$2:$K$1501,0))&" СУ"&IF(INDEX(Квартиры!$I$2:$I$1501,MATCH($A32*1000+1,Квартиры!$K$2:$K$1501,0))>0," +У","")&IF(INDEX(Квартиры!$J$2:$J$1501,MATCH($A32*1000+1,Квартиры!$K$2:$K$1501,0))>0," +Г",""),"-")) | D32: =IF($A32="","",IFERROR(IF(Настройки!$B$4="да",INDEX(Квартиры!$D$2:$D$1501,MATCH($A32*1000+2,Квартиры!$K$2:$K$1501,0))&" / ","")&INDEX(Квартиры!$H$2:$H$1501,MATCH($A32*1000+2,Квартиры!$K$2:$K$1501,0))&" СУ"&IF(INDEX(Квартиры!$I$2:$I$1501,MATCH($A32*1000+2,Квартиры!$K$2:$K$1501,0))>0," +У","")&IF(INDEX(Квартиры!$J$2:$J$1501,MATCH($A32*1000+2,Квартиры!$K$2:$K$1501,0))>0," +Г",""),"-")) | E32: =IF($A32="","",IFERROR(IF(Настройки!$B$4="да",INDEX(Квартиры!$D$2:$D$1501,MATCH($A32*1000+3,Квартиры!$K$2:$K$1501,0))&" / ","")&INDEX(Квартиры!$H$2:$H$1501,MATCH($A32*1000+3,Квартиры!$K$2:$K$1501,0))&" СУ"&IF(INDEX(Квартиры!$I$2:$I$1501,MATCH($A32*1000+3,Квартиры!$K$2:$K$1501,0))>0," +У","")&IF(INDEX(Квартиры!$J$2:$J$1501,MATCH($A32*1000+3,Квартиры!$K$2:$K$1501,0))>0," +Г",""),"-")) | F32: =IF($A32="","",IFERROR(IF(Настройки!$B$4="да",INDEX(Квартиры!$D$2:$D$1501,MATCH($A32*1000+4,Квартиры!$K$2:$K$1501,0))&" / ","")&INDEX(Квартиры!$H$2:$H$1501,MATCH($A32*1000+4,Квартиры!$K$2:$K$1501,0))&" СУ"&IF(INDEX(Квартиры!$I$2:$I$1501,MATCH($A32*1000+4,Квартиры!$K$2:$K$1501,0))>0," +У","")&IF(INDEX(Квартиры!$J$2:$J$1501,MATCH($A32*1000+4,Квартиры!$K$2:$K$1501,0))>0," +Г",""),"-")) | G32: =IF($A32="","",IFERROR(IF(Настройки!$B$4="да",INDEX(Квартиры!$D$2:$D$1501,MATCH($A32*1000+5,Квартиры!$K$2:$K$1501,0))&" / ","")&INDEX(Квартиры!$H$2:$H$1501,MATCH($A32*1000+5,Квартиры!$K$2:$K$1501,0))&" СУ"&IF(INDEX(Квартиры!$I$2:$I$1501,MATCH($A32*1000+5,Квартиры!$K$2:$K$1501,0))>0," +У","")&IF(INDEX(Квартиры!$J$2:$J$1501,MATCH($A32*1000+5,Квартиры!$K$2:$K$1501,0))>0," +Г",""),"-")) | H32: =IF($A32="","",IFERROR(IF(Настройки!$B$4="да",INDEX(Квартиры!$D$2:$D$1501,MATCH($A32*1000+6,Квартиры!$K$2:$K$1501,0))&" / ","")&INDEX(Квартиры!$H$2:$H$1501,MATCH($A32*1000+6,Квартиры!$K$2:$K$1501,0))&" СУ"&IF(INDEX(Квартиры!$I$2:$I$1501,MATCH($A32*1000+6,Квартиры!$K$2:$K$1501,0))>0," +У","")&IF(INDEX(Квартиры!$J$2:$J$1501,MATCH($A32*1000+6,Квартиры!$K$2:$K$1501,0))>0," +Г",""),"-")) | I32: =IF($A32="","",IFERROR(IF(Настройки!$B$4="да",INDEX(Квартиры!$D$2:$D$1501,MATCH($A32*1000+7,Квартиры!$K$2:$K$1501,0))&" / ","")&INDEX(Квартиры!$H$2:$H$1501,MATCH($A32*1000+7,Квартиры!$K$2:$K$1501,0))&" СУ"&IF(INDEX(Квартиры!$I$2:$I$1501,MATCH($A32*1000+7,Квартиры!$K$2:$K$1501,0))>0," +У","")&IF(INDEX(Квартиры!$J$2:$J$1501,MATCH($A32*1000+7,Квартиры!$K$2:$K$1501,0))>0," +Г",""),"-")) | J32: =IF($A32="","",IFERROR(IF(Настройки!$B$4="да",INDEX(Квартиры!$D$2:$D$1501,MATCH($A32*1000+8,Квартиры!$K$2:$K$1501,0))&" / ","")&INDEX(Квартиры!$H$2:$H$1501,MATCH($A32*1000+8,Квартиры!$K$2:$K$1501,0))&" СУ"&IF(INDEX(Квартиры!$I$2:$I$1501,MATCH($A32*1000+8,Квартиры!$K$2:$K$1501,0))>0," +У","")&IF(INDEX(Квартиры!$J$2:$J$1501,MATCH($A32*1000+8,Квартиры!$K$2:$K$1501,0))>0," +Г",""),"-")) | K32: =IF($A32="","",IFERROR(IF(Настройки!$B$4="да",INDEX(Квартиры!$D$2:$D$1501,MATCH($A32*1000+9,Квартиры!$K$2:$K$1501,0))&" / ","")&INDEX(Квартиры!$H$2:$H$1501,MATCH($A32*1000+9,Квартиры!$K$2:$K$1501,0))&" СУ"&IF(INDEX(Квартиры!$I$2:$I$1501,MATCH($A32*1000+9,Квартиры!$K$2:$K$1501,0))>0," +У","")&IF(INDEX(Квартиры!$J$2:$J$1501,MATCH($A32*1000+9,Квартиры!$K$2:$K$1501,0))>0," +Г",""),"-")) | L32: =IF($A32="","",IFERROR(IF(Настройки!$B$4="да",INDEX(Квартиры!$D$2:$D$1501,MATCH($A32*1000+10,Квартиры!$K$2:$K$1501,0))&" / ","")&INDEX(Квартиры!$H$2:$H$1501,MATCH($A32*1000+10,Квартиры!$K$2:$K$1501,0))&" СУ"&IF(INDEX(Квартиры!$I$2:$I$1501,MATCH($A32*1000+10,Квартиры!$K$2:$K$1501,0))>0," +У","")&IF(INDEX(Квартиры!$J$2:$J$1501,MATCH($A32*1000+10,Квартиры!$K$2:$K$1501,0))>0," +Г",""),"-")) | M32: =IF($A32="","",IFERROR(IF(Настройки!$B$4="да",INDEX(Квартиры!$D$2:$D$1501,MATCH($A32*1000+11,Квартиры!$K$2:$K$1501,0))&" / ","")&INDEX(Квартиры!$H$2:$H$1501,MATCH($A32*1000+11,Квартиры!$K$2:$K$1501,0))&" СУ"&IF(INDEX(Квартиры!$I$2:$I$1501,MATCH($A32*1000+11,Квартиры!$K$2:$K$1501,0))>0," +У","")&IF(INDEX(Квартиры!$J$2:$J$1501,MATCH($A32*1000+11,Квартиры!$K$2:$K$1501,0))>0," +Г",""),"-")) | N32: =IF($A32="","",IFERROR(IF(Настройки!$B$4="да",INDEX(Квартиры!$D$2:$D$1501,MATCH($A32*1000+12,Квартиры!$K$2:$K$1501,0))&" / ","")&INDEX(Квартиры!$H$2:$H$1501,MATCH($A32*1000+12,Квартиры!$K$2:$K$1501,0))&" СУ"&IF(INDEX(Квартиры!$I$2:$I$1501,MATCH($A32*1000+12,Квартиры!$K$2:$K$1501,0))>0," +У","")&IF(INDEX(Квартиры!$J$2:$J$1501,MATCH($A32*1000+12,Квартиры!$K$2:$K$1501,0))>0," +Г",""),"-")) | O32: =IF($A32="","",IFERROR(IF(Настройки!$B$4="да",INDEX(Квартиры!$D$2:$D$1501,MATCH($A32*1000+13,Квартиры!$K$2:$K$1501,0))&" / ","")&INDEX(Квартиры!$H$2:$H$1501,MATCH($A32*1000+13,Квартиры!$K$2:$K$1501,0))&" СУ"&IF(INDEX(Квартиры!$I$2:$I$1501,MATCH($A32*1000+13,Квартиры!$K$2:$K$1501,0))>0," +У","")&IF(INDEX(Квартиры!$J$2:$J$1501,MATCH($A32*1000+13,Квартиры!$K$2:$K$1501,0))>0," +Г",""),"-")) | P32: =IF($A32="","",IFERROR(IF(Настройки!$B$4="да",INDEX(Квартиры!$D$2:$D$1501,MATCH($A32*1000+14,Квартиры!$K$2:$K$1501,0))&" / ","")&INDEX(Квартиры!$H$2:$H$1501,MATCH($A32*1000+14,Квартиры!$K$2:$K$1501,0))&" СУ"&IF(INDEX(Квартиры!$I$2:$I$1501,MATCH($A32*1000+14,Квартиры!$K$2:$K$1501,0))>0," +У","")&IF(INDEX(Квартиры!$J$2:$J$1501,MATCH($A32*1000+14,Квартиры!$K$2:$K$1501,0))>0," +Г",""),"-")) | Q32: =IF($A32="","",IFERROR(IF(Настройки!$B$4="да",INDEX(Квартиры!$D$2:$D$1501,MATCH($A32*1000+15,Квартиры!$K$2:$K$1501,0))&" / ","")&INDEX(Квартиры!$H$2:$H$1501,MATCH($A32*1000+15,Квартиры!$K$2:$K$1501,0))&" СУ"&IF(INDEX(Квартиры!$I$2:$I$1501,MATCH($A32*1000+15,Квартиры!$K$2:$K$1501,0))>0," +У","")&IF(INDEX(Квартиры!$J$2:$J$1501,MATCH($A32*1000+15,Квартиры!$K$2:$K$1501,0))>0," +Г",""),"-")) | R32: =IF(A32="","",C32&"|"&D32&"|"&E32&"|"&F32&"|"&G32&"|"&H32&"|"&I32&"|"&J32&"|"&K32&"|"&L32&"|"&M32&"|"&N32&"|"&O32&"|"&P32&"|"&Q32) | S32: =IF(A32="","",IFERROR(LOOKUP(2,1/(B$2:B31=B32),S$2:S31)&", ","")&A32) | U32: =IF(30>MAX(B$3:B$82),"",30) | V32: =IF(U32="","",LOOKUP(2,1/(B$3:B$82=U32),S$3:S$82)) | W32: =IF(U32="","",COUNTIF(B$3:B$82,U32))
